ID,HGVS_expanded,category,function_score,plot_position
chr12-120291903-T-G,n.1A>C,UKBB/AllofUs,-0.139923,1
chr12-120291903-T-C,n.1A>G,UKBB/AllofUs,-0.030049,1
chr12-120291903-T-A,n.1A>T,UKBB/AllofUs,-0.344222,1
chr12-120291902-C-T,n.2G>A,UKBB/AllofUs,-0.09039,2
chr12-120291902-C-G,n.2G>C,UKBB/AllofUs,0.154897,2
chr12-120291902-C-A,n.2G>T,unobserved,0.227844,2
chr12-120291901-G-T,n.3C>A,UKBB/AllofUs,-0.100544,3
chr12-120291901-G-C,n.3C>G,UKBB/AllofUs,-0.33632,3
chr12-120291901-G-A,n.3C>T,UKBB/AllofUs,-0.059776,3
chr12-120291900-A-T,n.4T>A,unobserved,0.110009,4
chr12-120291900-A-G,n.4T>C,UKBB/AllofUs,0.07921,4
chr12-120291900-A-C,n.4T>G,UKBB/AllofUs,0.079016,4
chr12-120291899-A-T,n.5T>A,unobserved,-0.019762,5
chr12-120291899-A-G,n.5T>C,UKBB/AllofUs,-0.010542,5
chr12-120291899-A-C,n.5T>G,UKBB/AllofUs,-0.281272,5
chr12-120291898-A-T,n.6T>A,unobserved,-0.220586,6
chr12-120291898-A-G,n.6T>C,UKBB/AllofUs,-0.303905,6
chr12-120291898-A-C,n.6T>G,UKBB/AllofUs,-0.181168,6
chr12-120291897-C-T,n.7G>A,UKBB/AllofUs,-1.166242,7
chr12-120291897-C-G,n.7G>C,UKBB/AllofUs,-1.094381,7
chr12-120291897-C-A,n.7G>T,UKBB/AllofUs,-1.371956,7
chr12-120291896-G-T,n.8C>A,UKBB/AllofUs,-1.316397,8
chr12-120291896-G-C,n.8C>G,UKBB/AllofUs,-1.370905,8
chr12-120291896-G-A,n.8C>T,UKBB/AllofUs,-0.248868,8
chr12-120291895-C-T,n.9G>A,UKBB/AllofUs,-0.828399,9
chr12-120291895-C-G,n.9G>C,UKBB/AllofUs,-1.097487,9
chr12-120291895-C-A,n.9G>T,unobserved,-1.394437,9
chr12-120291894-G-T,n.10C>A,UKBB/AllofUs,-1.433368,10
chr12-120291894-G-C,n.10C>G,UKBB/AllofUs,-0.835958,10
chr12-120291894-G-A,n.10C>T,UKBB/AllofUs,0.015667,10
chr12-120291893-T-G,n.11A>C,UKBB/AllofUs,-0.487396,11
chr12-120291893-T-C,n.11A>G,UKBB/AllofUs,-0.150739,11
chr12-120291893-T-A,n.11A>T,unobserved,-0.471929,11
chr12-120291892-C-T,n.12G>A,UKBB/AllofUs,-0.299378,12
chr12-120291892-C-G,n.12G>C,UKBB/AllofUs,-0.255085,12
chr12-120291892-C-A,n.12G>T,unobserved,-0.354996,12
chr12-120291891-A-T,n.13T>A,UKBB/AllofUs,0.088294,13
chr12-120291891-A-G,n.13T>C,UKBB/AllofUs,0.021131,13
chr12-120291891-A-C,n.13T>G,UKBB/AllofUs,-0.091534,13
chr12-120291890-C-T,n.14G>A,UKBB/AllofUs,-0.563143,14
chr12-120291890-C-G,n.14G>C,UKBB/AllofUs,-0.212469,14
chr12-120291890-C-A,n.14G>T,UKBB/AllofUs,-0.149458,14
chr12-120291889-C-T,n.15G>A,UKBB/AllofUs,-0.032385,15
chr12-120291889-C-G,n.15G>C,UKBB/AllofUs,-0.185137,15
chr12-120291889-C-A,n.15G>T,UKBB/AllofUs,0.042023,15
chr12-120291888-G-T,n.16C>A,UKBB/AllofUs,-0.065072,16
chr12-120291888-G-C,n.16C>G,UKBB/AllofUs,0.0878,16
chr12-120291888-G-A,n.16C>T,UKBB/AllofUs,-0.152373,16
chr12-120291887-T-G,n.17A>C,UKBB/AllofUs,-0.125525,17
chr12-120291887-T-C,n.17A>G,UKBB/AllofUs,-0.021627,17
chr12-120291887-T-A,n.17A>T,unobserved,0.150653,17
chr12-120291886-C-T,n.18G>A,UKBB/AllofUs,-0.008968,18
chr12-120291886-C-G,n.18G>C,UKBB/AllofUs,-0.071905,18
chr12-120291886-C-A,n.18G>T,unobserved,-0.12129,18
chr12-120291885-A-T,n.19T>A,UKBB/AllofUs,-0.072047,19
chr12-120291885-A-G,n.19T>C,UKBB/AllofUs,-0.008887,19
chr12-120291885-A-C,n.19T>G,UKBB/AllofUs,0.20096,19
chr12-120291884-T-G,n.20A>C,UKBB/AllofUs,-0.098677,20
chr12-120291884-T-C,n.20A>G,UKBB/AllofUs,-0.040998,20
chr12-120291884-T-A,n.20A>T,UKBB/AllofUs,-0.08708,20
chr12-120291883-A-T,n.21T>A,unobserved,0.082998,21
chr12-120291883-A-G,n.21T>C,UKBB/AllofUs,0.03336,21
chr12-120291883-A-C,n.21T>G,UKBB/AllofUs,-0.087944,21
chr12-120291882-G-T,n.22C>A,UKBB/AllofUs,-0.117249,22
chr12-120291882-G-C,n.22C>G,UKBB/AllofUs,-0.057897,22
chr12-120291882-G-A,n.22C>T,UKBB/AllofUs,-0.055934,22
chr12-120291881-C-T,n.23G>A,UKBB/AllofUs,-0.032808,23
chr12-120291881-C-G,n.23G>C,UKBB/AllofUs,-0.079767,23
chr12-120291881-C-A,n.23G>T,UKBB/AllofUs,-0.107362,23
chr12-120291880-A-T,n.24T>A,UKBB/AllofUs,0.02469,24
chr12-120291880-A-G,n.24T>C,UKBB/AllofUs,-0.084888,24
chr12-120291880-A-C,n.24T>G,unobserved,-0.086032,24
chr12-120291879-T-G,n.25A>C,unobserved,0.016782,25
chr12-120291879-T-C,n.25A>G,UKBB/AllofUs,-0.086082,25
chr12-120291879-T-A,n.25A>T,UKBB/AllofUs,0.048214,25
chr12-120291878-C-T,n.26G>A,UKBB/AllofUs,-0.228879,26
chr12-120291878-C-G,n.26G>C,UKBB/AllofUs,-0.129402,26
chr12-120291878-C-A,n.26G>T,unobserved,-0.010392,26
chr12-120291877-G-T,n.27C>A,UKBB/AllofUs,-0.582356,27
chr12-120291877-G-C,n.27C>G,UKBB/AllofUs,-0.940838,27
chr12-120291877-G-A,n.27C>T,UKBB/AllofUs,-0.120878,27
chr12-120291876-G-T,n.28C>A,UKBB/AllofUs,-0.360819,28
chr12-120291876-G-C,n.28C>G,UKBB/AllofUs,-0.580333,28
chr12-120291876-G-A,n.28C>T,UKBB/AllofUs,0.059078,28
chr12-120291875-T-G,n.29A>C,UKBB/AllofUs,-0.151374,29
chr12-120291875-T-C,n.29A>G,UKBB/AllofUs,0.049259,29
chr12-120291875-T-A,n.29A>T,UKBB/AllofUs,0.066605,29
chr12-120291874-T-G,n.30A>C,UKBB/AllofUs,-0.617963,30
chr12-120291874-T-C,n.30A>G,UKBB/AllofUs,-0.020863,30
chr12-120291874-T-A,n.30A>T,unobserved,-0.305205,30
chr12-120291873-A-T,n.31T>A,UKBB/AllofUs,-0.44739,31
chr12-120291873-A-G,n.31T>C,UKBB/AllofUs,-0.933816,31
chr12-120291873-A-C,n.31T>G,UKBB/AllofUs,-0.730326,31
chr12-120291872-C-T,n.32G>A,UKBB/AllofUs,-1.267476,32
chr12-120291872-C-G,n.32G>C,UKBB/AllofUs,-1.196341,32
chr12-120291872-C-A,n.32G>T,unobserved,-1.216003,32
chr12-120291871-T-G,n.33A>C,UKBB/AllofUs,-0.272999,33
chr12-120291871-T-C,n.33A>G,UKBB/AllofUs,-0.557628,33
chr12-120291871-T-A,n.33A>T,UKBB/AllofUs,-0.188366,33
chr12-120291870-C-T,n.34G>A,UKBB/AllofUs,-0.026929,34
chr12-120291870-C-G,n.34G>C,UKBB/AllofUs,0.044194,34
chr12-120291870-C-A,n.34G>T,UKBB/AllofUs,-0.23326,34
chr12-120291869-C-T,n.35G>A,UKBB/AllofUs,-0.276129,35
chr12-120291869-C-G,n.35G>C,UKBB/AllofUs,-0.277285,35
chr12-120291869-C-A,n.35G>T,UKBB/AllofUs,-0.27308,35
chr12-120291868-A-T,n.36T>A,UKBB/AllofUs,0.003692,36
chr12-120291868-A-G,n.36T>C,UKBB/AllofUs,-0.013056,36
chr12-120291868-A-C,n.36T>G,UKBB/AllofUs,-0.0786,36
chr12-120291867-A-T,n.37T>A,UKBB/AllofUs,0.057394,37
chr12-120291867-A-G,n.37T>C,UKBB/AllofUs,-0.045869,37
chr12-120291867-A-C,n.37T>G,UKBB/AllofUs,0.041157,37
chr12-120291867-A-AT,n.36_37insA,unobserved,-0.006803,36.5
chr12-120291867-A-AG,n.36_37insC,unobserved,-0.033394,36.5
chr12-120291867-A-AC,n.36_37insG,unobserved,-0.085951,36.5
chr12-120291866-A-T,n.38T>A,unobserved,-0.017783,38
chr12-120291866-A-G,n.38T>C,UKBB/AllofUs,0.040885,38
chr12-120291866-A-C,n.38T>G,UKBB/AllofUs,0.113818,38
chr12-120291865-T-TA,n.35_36insT,UKBB/AllofUs,0.060501,38.5
chr12-120291865-T-G,n.39A>C,UKBB/AllofUs,0.206548,39
chr12-120291865-T-C,n.39A>G,UKBB/AllofUs,-0.023068,39
chr12-120291865-T-A,n.39A>T,UKBB/AllofUs,-0.071775,39
chr12-120291864-A-T,n.40T>A,UKBB/AllofUs,0.008462,40
chr12-120291864-A-G,n.40T>C,UKBB/AllofUs,0.021937,40
chr12-120291864-A-C,n.40T>G,UKBB/AllofUs,0.036633,40
chr12-120291863-G-T,n.41C>A,UKBB/AllofUs,-0.204243,41
chr12-120291863-G-C,n.41C>G,UKBB/AllofUs,-0.246843,41
chr12-120291863-G-A,n.41C>T,UKBB/AllofUs,-0.030665,41
chr12-120291862-G-T,n.42C>A,UKBB/AllofUs,-0.698346,42
chr12-120291862-G-C,n.42C>G,UKBB/AllofUs,-0.123617,42
chr12-120291862-G-A,n.42C>T,UKBB/AllofUs,0.005765,42
chr12-120291861-C-T,n.43G>A,UKBB/AllofUs,-0.173072,43
chr12-120291861-C-G,n.43G>C,UKBB/AllofUs,-0.536902,43
chr12-120291861-C-A,n.43G>T,unobserved,-0.117314,43
chr12-120291860-T-G,n.44A>C,UKBB/AllofUs,-1.192217,44
chr12-120291860-T-C,n.44A>G,UKBB/AllofUs,-1.129341,44
chr12-120291860-T-A,n.44A>T,unobserved,-1.342029,44
chr12-120291859-C-T,n.45G>A,UKBB/AllofUs,-0.539435,45
chr12-120291859-C-G,n.45G>C,UKBB/AllofUs,-0.864138,45
chr12-120291859-C-A,n.45G>T,UKBB/AllofUs,-1.129856,45
chr12-120291858-C-T,n.46G>A,UKBB/AllofUs,-0.507396,46
chr12-120291858-C-G,n.46G>C,UKBB/AllofUs,-0.812863,46
chr12-120291858-C-A,n.46G>T,UKBB/AllofUs,-0.932578,46
chr12-120291857-G-T,n.47C>A,UKBB/AllofUs,0.096374,47
chr12-120291857-G-C,n.47C>G,UKBB/AllofUs,-0.194953,47
chr12-120291857-G-A,n.47C>T,UKBB/AllofUs,0.11228,47
chr12-120291856-C-T,n.48G>A,UKBB/AllofUs,-0.099308,48
chr12-120291856-C-G,n.48G>C,unobserved,0.190029,48
chr12-120291856-C-A,n.48G>T,unobserved,-0.089331,48
chr12-120291855-G-T,n.49C>A,UKBB/AllofUs,0.096306,49
chr12-120291855-G-C,n.49C>G,UKBB/AllofUs,-0.427543,49
chr12-120291855-G-A,n.49C>T,UKBB/AllofUs,0.016647,49
chr12-120291854-C-T,n.50G>A,UKBB/AllofUs,-0.330542,50
chr12-120291854-C-G,n.50G>C,UKBB/AllofUs,-0.113544,50
chr12-120291854-C-A,n.50G>T,UKBB/AllofUs,-0.122872,50
chr12-120291853-T-G,n.51A>C,UKBB/AllofUs,-0.075721,51
chr12-120291853-T-C,n.51A>G,UKBB/AllofUs,0.239355,51
chr12-120291853-T-A,n.51A>T,UKBB/AllofUs,0.060001,51
chr12-120291852-A-T,n.52T>A,UKBB/AllofUs,0.02797,52
chr12-120291852-A-G,n.52T>C,UKBB/AllofUs,0.013689,52
chr12-120291852-A-C,n.52T>G,UKBB/AllofUs,-0.015227,52
chr12-120291851-A-T,n.53T>A,unobserved,0.055099,53
chr12-120291851-A-G,n.53T>C,UKBB/AllofUs,0.10692,53
chr12-120291851-A-C,n.53T>G,unobserved,-0.009094,53
chr12-120291850-T-G,n.54A>C,UKBB/AllofUs,0.030684,54
chr12-120291850-T-C,n.54A>G,UKBB/AllofUs,-0.033849,54
chr12-120291850-T-A,n.54A>T,UKBB/AllofUs,-0.081275,54
chr12-120291849-A-T,n.55T>A,unobserved,0.071439,55
chr12-120291849-A-G,n.55T>C,UKBB/AllofUs,-0.156854,55
chr12-120291849-A-C,n.55T>G,UKBB/AllofUs,0.142552,55
chr12-120291848-A-T,n.56T>A,unobserved,-0.278761,56
chr12-120291848-A-G,n.56T>C,unobserved,-0.233746,56
chr12-120291848-A-C,n.56T>G,UKBB/AllofUs,-0.151578,56
chr12-120291847-C-T,n.57G>A,UKBB/AllofUs,0.072701,57
chr12-120291847-C-G,n.57G>C,unobserved,-0.059458,57
chr12-120291847-C-A,n.57G>T,unobserved,0.045303,57
chr12-120291846-G-T,n.58C>A,unobserved,-0.165,58
chr12-120291846-G-C,n.58C>G,UKBB/AllofUs,-0.187478,58
chr12-120291846-G-A,n.58C>T,UKBB/AllofUs,0.030688,58
chr12-120291845-A-T,n.59T>A,unobserved,-0.153774,59
chr12-120291845-A-G,n.59T>C,UKBB/AllofUs,-0.260719,59
chr12-120291845-A-C,n.59T>G,UKBB/AllofUs,-0.167844,59
chr12-120291844-T-G,n.60A>C,UKBB/AllofUs,-0.280186,60
chr12-120291844-T-C,n.60A>G,UKBB/AllofUs,-0.057781,60
chr12-120291844-T-A,n.60A>T,UKBB/AllofUs,0.135875,60
chr12-120291843-T-G,n.61A>C,UKBB/AllofUs,0.05694,61
chr12-120291843-T-C,n.61A>G,UKBB/AllofUs,0.16889,61
chr12-120291843-T-A,n.61A>T,UKBB/AllofUs,0.247053,61
chr12-120291842-A-T,n.62T>A,unobserved,-0.364644,62
chr12-120291842-A-G,n.62T>C,ReNU_syndrome,-1.365413,62
chr12-120291842-A-C,n.62T>G,unobserved,-0.347123,62
chr12-120291842-A-AT,n.59_60insA,unobserved,-0.296996,61.5
chr12-120291842-A-AG,n.61_62insC,unobserved,-0.499276,61.5
chr12-120291842-A-AC,n.61_62insG,unobserved,-0.28292,61.5
chr12-120291841-A-T,n.63T>A,unobserved,-1.177733,63
chr12-120291841-A-G,n.63T>C,ReNU_syndrome,-0.510196,63
chr12-120291841-A-C,n.63T>G,ReNU_syndrome,-1.084702,63
chr12-120291841-A-AT,n.62_63insA,unobserved,-0.72892,62.5
chr12-120291841-A-AG,n.62_63insC,unobserved,-1.493994,62.5
chr12-120291841-A-AC,n.62_63insG,unobserved,-0.910123,62.5
chr12-120291840-CA-C,n.62del,unobserved,-1.707943,63
chr12-120291840-C-T,n.64G>A,unobserved,-1.36688,64
chr12-120291840-C-G,n.64G>C,UKBB/AllofUs,-0.98492,64
chr12-120291840-C-CT,n.63_64insA,unobserved,-1.209419,63.5
chr12-120291840-C-CG,n.63_64insC,unobserved,-0.686981,63.5
chr12-120291840-C-CA,n.61_62insT,unobserved,-0.506375,63.5
chr12-120291840-C-A,n.64G>T,unobserved,-1.119647,64
chr12-120291839-TC-T,n.64del,unobserved,-1.922884,64
chr12-120291839-T-TG,n.64_65insC,UKBB/AllofUs,-0.702957,64.5
chr12-120291839-T-TCC,n.63_64insGG,unobserved,-1.824065,64.5
chr12-120291839-T-TC,n.63_64insG,ReNU_syndrome,-1.757225,64.5
chr12-120291839-T-TAA,n.64_65insTT,unobserved,-1.29397,64.5
chr12-120291839-T-TA,n.64_65insT,ReNU_syndrome,-1.234647,64.5
chr12-120291839-T-G,n.65A>C,unobserved,-0.331038,65
chr12-120291839-T-C,n.65A>G,ReNU_syndrome,-0.319533,65
chr12-120291839-T-A,n.65A>T,unobserved,-0.249483,65
chr12-120291838-T-TG,n.65_66insC,unobserved,-1.345116,65.5
chr12-120291838-T-TC,n.65_66insG,unobserved,-2.069007,65.5
chr12-120291838-T-TAA,n.65_66insTT,unobserved,-1.599915,65.5
chr12-120291838-T-TA,n.65_66insT,ReNU_syndrome,-1.440428,65.5
chr12-120291838-T-G,n.66A>C,unobserved,-0.288994,66
chr12-120291838-T-C,n.66A>G,ReNU_syndrome,-1.148876,66
chr12-120291838-T-A,n.66A>T,unobserved,-0.532302,66
chr12-120291837-T-TG,n.66_67insC,unobserved,-1.397252,66.5
chr12-120291837-T-TC,n.66_67insG,unobserved,-1.025861,66.5
chr12-120291837-T-TA,n.66_67insT,unobserved,-1.545612,66.5
chr12-120291837-T-G,n.67A>C,unobserved,-1.505203,67
chr12-120291837-T-C,n.67A>G,ReNU_syndrome,-1.146474,67
chr12-120291837-T-A,n.67A>T,unobserved,-1.678055,67
chr12-120291836-T-TG,n.67_68insC,unobserved,-0.963343,67.5
chr12-120291836-T-TC,n.67_68insG,unobserved,-0.798911,67.5
chr12-120291836-T-TA,n.67_68insT,unobserved,-1.12556,67.5
chr12-120291836-T-G,n.68A>C,ReNU_syndrome,-0.954049,68
chr12-120291836-T-C,n.68A>G,UKBB/AllofUs,-0.914717,68
chr12-120291836-T-A,n.68A>T,unobserved,-0.588315,68
chr12-120291835-GT-G,n.65del,unobserved,-1.630763,68
chr12-120291835-G-T,n.69C>A,unobserved,-1.525596,69
chr12-120291835-G-GTT,n.64_65insAA,unobserved,-1.143681,67.5
chr12-120291835-G-GT,n.64_65insA,unobserved,-1.465161,68.5
chr12-120291835-G-GC,n.68_69insG,unobserved,-1.076233,68.5
chr12-120291835-G-GA,n.68_69insT,unobserved,-1.409324,68.5
chr12-120291835-G-C,n.69C>G,unobserved,-1.263968,69
chr12-120291835-G-A,n.69C>T,ReNU_syndrome,-1.200904,69
chr12-120291834-AG-A,n.69del,unobserved,-1.259996,69
chr12-120291834-A-T,n.70T>A,unobserved,-0.055464,70
chr12-120291834-A-G,n.70T>C,ReNU_syndrome,-1.374018,70
chr12-120291834-A-C,n.70T>G,unobserved,-0.760235,70
chr12-120291834-A-AT,n.69_70insA,unobserved,-0.337888,69.5
chr12-120291834-A-AG,n.68_69insC,unobserved,-1.089358,69.5
chr12-120291834-A-AC,n.69_70insG,unobserved,-0.767507,69.5
chr12-120291833-A-T,n.71T>A,UKBB/AllofUs,-0.079913,71
chr12-120291833-A-G,n.71T>C,UKBB/AllofUs,0.093446,71
chr12-120291833-A-C,n.71T>G,unobserved,-0.12608,71
chr12-120291833-A-AT,n.70_71insA,unobserved,-0.026541,70.5
chr12-120291833-A-AG,n.70_71insC,unobserved,0.048869,70.5
chr12-120291833-A-AC,n.70_71insG,unobserved,-0.224812,70.5
chr12-120291832-A-T,n.72T>A,UKBB/AllofUs,0.12118,72
chr12-120291832-A-G,n.72T>C,UKBB/AllofUs,0.07362,72
chr12-120291832-A-C,n.72T>G,UKBB/AllofUs,0.131329,72
chr12-120291832-A-AT,n.71_72insA,unobserved,-0.050047,71.5
chr12-120291832-A-AG,n.71_72insC,unobserved,-0.113367,71.5
chr12-120291832-A-AC,n.71_72insG,unobserved,0.189155,71.5
chr12-120291831-A-T,n.73T>A,UKBB/AllofUs,-0.027547,73
chr12-120291831-A-G,n.73T>C,UKBB/AllofUs,0.078126,73
chr12-120291831-A-C,n.73T>G,unobserved,-0.034578,73
chr12-120291831-A-AT,n.72_73insA,unobserved,0.016286,72.5
chr12-120291831-A-AG,n.72_73insC,unobserved,0.000514,72.5
chr12-120291831-A-AC,n.72_73insG,unobserved,0.087731,72.5
chr12-120291830-GA-G,n.70del,unobserved,0.285584,73
chr12-120291830-G-T,n.74C>A,unobserved,0.244334,74
chr12-120291830-G-GT,n.73_74insA,UKBB/AllofUs,-0.052669,73.5
chr12-120291830-G-GC,n.73_74insG,unobserved,-0.232868,73.5
chr12-120291830-G-GA,n.69_70insT,UKBB/AllofUs,0.026056,73.5
chr12-120291830-G-C,n.74C>G,UKBB/AllofUs,0.200956,74
chr12-120291830-G-A,n.74C>T,UKBB/AllofUs,-0.065572,74
chr12-120291829-G-T,n.75C>A,unobserved,-0.756915,75
chr12-120291829-G-GT,n.74_75insA,unobserved,-0.126721,74.5
chr12-120291829-G-GC,n.74_75insG,unobserved,-0.13489,74.5
chr12-120291829-G-GA,n.74_75insT,unobserved,-0.170936,74.5
chr12-120291829-G-C,n.75C>G,ReNU_syndrome,-0.804736,75
chr12-120291829-G-A,n.75C>T,unobserved,-0.594521,75
chr12-120291828-G-T,n.76C>A,unobserved,0.029216,76
chr12-120291828-G-GT,n.75_76insA,unobserved,-0.5612,75.5
chr12-120291828-G-GC,n.75_76insG,unobserved,-0.89776,75.5
chr12-120291828-G-GA,n.75_76insT,unobserved,-0.602054,75.5
chr12-120291828-G-C,n.76C>G,UKBB/AllofUs,-0.332864,76
chr12-120291828-G-A,n.76C>T,ReNU_syndrome,-0.352344,76
chr12-120291827-TG-T,n.74del,UKBB/AllofUs,0.119058,76
chr12-120291827-T-TG,n.73_74insC,UKBB/AllofUs,-0.015397,76.5
chr12-120291827-T-TC,n.76_77insG,unobserved,-0.722086,76.5
chr12-120291827-T-TAA,n.76_77insTT,unobserved,-1.774757,76.5
chr12-120291827-T-TA,n.76_77insT,ReNU_syndrome,-1.065397,76.5
chr12-120291827-T-G,n.77A>C,unobserved,-0.17191,77
chr12-120291827-T-C,n.77A>G,UKBB/AllofUs,0.03759,77
chr12-120291827-T-A,n.77A>T,unobserved,-0.940947,77
chr12-120291826-T-TG,n.77_78insC,unobserved,-0.687413,77.5
chr12-120291826-T-TC,n.77_78insG,ReNU_syndrome,-0.728004,77.5
chr12-120291826-T-TACGTA,n.77_78insTACGT,unobserved,-1.442843,77.5
chr12-120291826-T-TAAA,n.77_78insTTT,unobserved,-1.067307,77.5
chr12-120291826-T-TAA,n.77_78insTT,unobserved,-0.729275,77.5
chr12-120291826-T-TA,n.77_78insT,ReNU_syndrome,-0.464866,77.5
chr12-120291826-T-G,n.78A>C,ReNU_syndrome,-1.060977,78
chr12-120291826-T-C,n.78A>G,UKBB/AllofUs,-0.043061,78
chr12-120291826-T-A,n.78A>T,unobserved,-0.212522,78
chr12-120291825-AT-A,n.77del,unobserved,-0.040517,78
chr12-120291825-A-T,n.79T>A,unobserved,0.009406,79
chr12-120291825-A-G,n.79T>C,unobserved,-0.168619,79
chr12-120291825-A-C,n.79T>G,unobserved,-0.048461,79
chr12-120291825-A-AT,n.76_77insA,unobserved,-0.271916,78.5
chr12-120291825-A-AG,n.78_79insC,unobserved,-0.25647,78.5
chr12-120291825-A-AC,n.78_79insG,unobserved,-0.14238,78.5
chr12-120291824-TA-T,n.79del,unobserved,0.053497,79
chr12-120291824-T-TG,n.79_80insC,unobserved,-0.047769,79.5
chr12-120291824-T-TC,n.79_80insG,unobserved,-0.050533,79.5
chr12-120291824-T-TA,n.78_79insT,unobserved,-0.13184,79.5
chr12-120291824-T-G,n.80A>C,UKBB/AllofUs,-0.059838,80
chr12-120291824-T-C,n.80A>G,UKBB/AllofUs,-0.107712,80
chr12-120291824-T-A,n.80A>T,UKBB/AllofUs,-0.112414,80
chr12-120291823-G-T,n.81C>A,UKBB/AllofUs,-0.092064,81
chr12-120291823-G-GT,n.79_80insA,UKBB/AllofUs,-0.029671,80.5
chr12-120291823-G-C,n.81C>G,UKBB/AllofUs,-0.051234,81
chr12-120291823-G-A,n.81C>T,UKBB/AllofUs,0.011142,81
chr12-120291822-G-T,n.82C>A,UKBB/AllofUs,0.104197,82
chr12-120291822-G-C,n.82C>G,UKBB/AllofUs,0.004123,82
chr12-120291822-G-A,n.82C>T,UKBB/AllofUs,0.044485,82
chr12-120291821-G-T,n.83C>A,UKBB/AllofUs,-0.106541,83
chr12-120291821-G-C,n.83C>G,UKBB/AllofUs,0.132968,83
chr12-120291821-G-A,n.83C>T,UKBB/AllofUs,0.097925,83
chr12-120291820-G-T,n.84C>A,UKBB/AllofUs,0.063929,84
chr12-120291820-G-C,n.84C>G,UKBB/AllofUs,0.022159,84
chr12-120291820-G-A,n.84C>T,UKBB/AllofUs,-0.04519,84
chr12-120291819-C-T,n.85G>A,UKBB/AllofUs,-0.270309,85
chr12-120291819-C-G,n.85G>C,UKBB/AllofUs,0.027756,85
chr12-120291819-C-A,n.85G>T,unobserved,-0.102611,85
chr12-120291818-G-T,n.86C>A,unobserved,-0.174102,86
chr12-120291818-G-C,n.86C>G,UKBB/AllofUs,-0.152384,86
chr12-120291818-G-A,n.86C>T,UKBB/AllofUs,-0.020874,86
chr12-120291817-G-T,n.87C>A,UKBB/AllofUs,-0.216266,87
chr12-120291817-G-C,n.87C>G,UKBB/AllofUs,-0.202323,87
chr12-120291817-G-A,n.87C>T,UKBB/AllofUs,0.15402,87
chr12-120291816-T-G,n.88A>C,UKBB/AllofUs,-0.158791,88
chr12-120291816-T-C,n.88A>G,UKBB/AllofUs,0.053614,88
chr12-120291816-T-A,n.88A>T,UKBB/AllofUs,-0.148162,88
chr12-120291815-A-T,n.89T>A,UKBB/AllofUs,0.0401,89
chr12-120291815-A-G,n.89T>C,UKBB/AllofUs,-0.121244,89
chr12-120291815-A-C,n.89T>G,UKBB/AllofUs,-0.064254,89
chr12-120291814-C-T,n.90G>A,UKBB/AllofUs,0.121419,90
chr12-120291814-C-G,n.90G>C,UKBB/AllofUs,0.045856,90
chr12-120291814-C-A,n.90G>T,UKBB/AllofUs,0.083969,90
chr12-120291813-T-G,n.91A>C,UKBB/AllofUs,-0.188724,91
chr12-120291813-T-C,n.91A>G,UKBB/AllofUs,0.061634,91
chr12-120291813-T-A,n.91A>T,UKBB/AllofUs,-0.131253,91
chr12-120291812-G-T,n.92C>A,UKBB/AllofUs,0.012251,92
chr12-120291812-G-C,n.92C>G,UKBB/AllofUs,0.043612,92
chr12-120291812-G-A,n.92C>T,UKBB/AllofUs,0.114235,92
chr12-120291811-C-T,n.93G>A,UKBB/AllofUs,-0.000994,93
chr12-120291811-C-G,n.93G>C,UKBB/AllofUs,-0.024268,93
chr12-120291811-C-A,n.93G>T,UKBB/AllofUs,-0.037785,93
chr12-120291810-T-G,n.94A>C,UKBB/AllofUs,0.110559,94
chr12-120291810-T-C,n.94A>G,UKBB/AllofUs,-0.026229,94
chr12-120291810-T-A,n.94A>T,UKBB/AllofUs,-0.107031,94
chr12-120291809-G-T,n.95C>A,UKBB/AllofUs,-0.179263,95
chr12-120291809-G-C,n.95C>G,UKBB/AllofUs,-0.070676,95
chr12-120291809-G-A,n.95C>T,UKBB/AllofUs,0.046641,95
chr12-120291808-A-T,n.96T>A,UKBB/AllofUs,-0.167196,96
chr12-120291808-A-G,n.96T>C,UKBB/AllofUs,0.033754,96
chr12-120291808-A-C,n.96T>G,UKBB/AllofUs,-0.023189,96
chr12-120291807-A-T,n.97T>A,UKBB/AllofUs,0.038645,97
chr12-120291807-A-G,n.97T>C,unobserved,-0.078155,97
chr12-120291807-A-C,n.97T>G,UKBB/AllofUs,-0.160375,97
chr12-120291806-C-T,n.98G>A,UKBB/AllofUs,-0.212498,98
chr12-120291806-C-G,n.98G>C,UKBB/AllofUs,-0.097938,98
chr12-120291806-C-A,n.98G>T,UKBB/AllofUs,-0.12161,98
chr12-120291805-T-G,n.99A>C,UKBB/AllofUs,0.026984,99
chr12-120291805-T-C,n.99A>G,UKBB/AllofUs,-0.022025,99
chr12-120291805-T-A,n.99A>T,UKBB/AllofUs,0.035137,99
chr12-120291804-T-G,n.100A>C,UKBB/AllofUs,0.025356,100
chr12-120291804-T-C,n.100A>G,UKBB/AllofUs,0.0958,100
chr12-120291804-T-A,n.100A>T,UKBB/AllofUs,0.063616,100
chr12-120291803-T-TG,n.100_101insC,unobserved,0.028234,100.5
chr12-120291803-T-TC,n.100_101insG,unobserved,0.006803,100.5
chr12-120291803-T-TA,n.100_101insT,unobserved,-0.057792,100.5
chr12-120291803-T-G,n.101A>C,unobserved,0.041518,101
chr12-120291803-T-C,n.101A>G,UKBB/AllofUs,-0.023524,101
chr12-120291803-T-A,n.101A>T,UKBB/AllofUs,-0.029164,101
chr12-120291802-A-T,n.102T>A,UKBB/AllofUs,0.033257,102
chr12-120291802-A-G,n.102T>C,UKBB/AllofUs,-0.092242,102
chr12-120291802-A-C,n.102T>G,UKBB/AllofUs,0.013476,102
chr12-120291802-A-AT,n.98_99insA,unobserved,0.159421,101.5
chr12-120291801-T-G,n.103A>C,UKBB/AllofUs,0.154268,103
chr12-120291801-T-C,n.103A>G,UKBB/AllofUs,-0.177632,103
chr12-120291801-T-A,n.103A>T,UKBB/AllofUs,-0.195429,103
chr12-120291800-A-T,n.104T>A,unobserved,0.02984,104
chr12-120291800-A-G,n.104T>C,UKBB/AllofUs,0.021571,104
chr12-120291800-A-C,n.104T>G,UKBB/AllofUs,0.052013,104
chr12-120291799-T-G,n.105A>C,UKBB/AllofUs,-0.063867,105
chr12-120291799-T-C,n.105A>G,UKBB/AllofUs,-0.041417,105
chr12-120291799-T-A,n.105A>T,UKBB/AllofUs,0.087818,105
chr12-120291798-C-T,n.106G>A,UKBB/AllofUs,-0.113726,106
chr12-120291798-C-G,n.106G>C,UKBB/AllofUs,0.046874,106
chr12-120291798-C-A,n.106G>T,UKBB/AllofUs,0.026116,106
chr12-120291797-A-T,n.107T>A,UKBB/AllofUs,0.024695,107
chr12-120291797-A-G,n.107T>C,UKBB/AllofUs,-0.242237,107
chr12-120291797-A-C,n.107T>G,UKBB/AllofUs,0.04533,107
chr12-120291796-G-T,n.108C>A,UKBB/AllofUs,-0.022721,108
chr12-120291796-G-C,n.108C>G,UKBB/AllofUs,0.013302,108
chr12-120291796-G-A,n.108C>T,UKBB/AllofUs,0.021597,108
chr12-120291795-C-T,n.109G>A,UKBB/AllofUs,0.168097,109
chr12-120291795-C-G,n.109G>C,unobserved,0.023274,109
chr12-120291795-C-A,n.109G>T,UKBB/AllofUs,0.248067,109
chr12-120291794-C-T,n.110G>A,UKBB/AllofUs,0.040866,110
chr12-120291794-C-G,n.110G>C,UKBB/AllofUs,-0.022483,110
chr12-120291794-C-A,n.110G>T,UKBB/AllofUs,-0.158278,110
chr12-120291793-G-T,n.111C>A,UKBB/AllofUs,0.074631,111
chr12-120291793-G-C,n.111C>G,unobserved,0.005535,111
chr12-120291793-G-A,n.111C>T,UKBB/AllofUs,0.047624,111
chr12-120291792-T-G,n.112A>C,UKBB/AllofUs,-0.069872,112
chr12-120291792-T-C,n.112A>G,UKBB/AllofUs,0.235124,112
chr12-120291792-T-A,n.112A>T,UKBB/AllofUs,-0.025934,112
chr12-120291791-A-T,n.113T>A,unobserved,0.042197,113
chr12-120291791-A-G,n.113T>C,UKBB/AllofUs,-0.000135,113
chr12-120291791-A-C,n.113T>G,UKBB/AllofUs,0.108603,113
chr12-120291790-A-T,n.114T>A,unobserved,-0.098194,114
chr12-120291790-A-G,n.114T>C,UKBB/AllofUs,-0.008097,114
chr12-120291790-A-C,n.114T>G,UKBB/AllofUs,-0.045978,114
chr12-120291789-C-T,n.115G>A,UKBB/AllofUs,-0.25407,115
chr12-120291789-C-G,n.115G>C,UKBB/AllofUs,-0.120656,115
chr12-120291789-C-A,n.115G>T,UKBB/AllofUs,-0.411138,115
chr12-120291788-C-T,n.116G>A,UKBB/AllofUs,-0.094577,116
chr12-120291788-C-G,n.116G>C,unobserved,-0.153781,116
chr12-120291788-C-A,n.116G>T,UKBB/AllofUs,-0.195245,116
chr12-120291787-G-T,n.117C>A,unobserved,0.03051,117
chr12-120291787-G-C,n.117C>G,unobserved,0.054184,117
chr12-120291787-G-A,n.117C>T,UKBB/AllofUs,0.056517,117
chr12-120291786-T-G,n.118A>C,UKBB/AllofUs,-0.813525,118
chr12-120291786-T-C,n.118A>G,UKBB/AllofUs,-0.871822,118
chr12-120291786-T-A,n.118A>T,UKBB/AllofUs,-0.16865,118
chr12-120291785-T-G,n.119A>C,unobserved,-0.710791,119
chr12-120291785-T-C,n.119A>G,UKBB/AllofUs,-0.724884,119
chr12-120291785-T-A,n.119A>T,UKBB/AllofUs,-0.676177,119
chr12-120291784-A-T,n.120T>A,UKBB/AllofUs,-0.951887,120
chr12-120291784-A-G,n.120T>C,UKBB/AllofUs,-1.215467,120
chr12-120291784-A-C,n.120T>G,UKBB/AllofUs,-0.928632,120
chr12-120291783-A-T,n.121T>A,UKBB/AllofUs,-0.706118,121
chr12-120291783-A-G,n.121T>C,UKBB/AllofUs,-0.847407,121
chr12-120291783-A-C,n.121T>G,UKBB/AllofUs,-0.883515,121
chr12-120291782-A-T,n.122T>A,unobserved,-1.393043,122
chr12-120291782-A-G,n.122T>C,UKBB/AllofUs,-1.169103,122
chr12-120291782-A-C,n.122T>G,unobserved,-0.73702,122
chr12-120291781-A-T,n.123T>A,unobserved,-0.83186,123
chr12-120291781-A-G,n.123T>C,UKBB/AllofUs,-0.320627,123
chr12-120291781-A-C,n.123T>G,UKBB/AllofUs,-0.501604,123
chr12-120291780-A-T,n.124T>A,unobserved,-1.21531,124
chr12-120291780-A-G,n.124T>C,UKBB/AllofUs,-1.113002,124
chr12-120291780-A-C,n.124T>G,UKBB/AllofUs,-0.708455,124
chr12-120291779-C-T,n.125G>A,UKBB/AllofUs,-0.317437,125
chr12-120291779-C-G,n.125G>C,UKBB/AllofUs,-0.456583,125
chr12-120291779-C-A,n.125G>T,UKBB/AllofUs,-0.203902,125
chr12-120291778-T-G,n.126A>C,UKBB/AllofUs,0.014758,126
chr12-120291778-T-C,n.126A>G,UKBB/AllofUs,0.101448,126
chr12-120291778-T-A,n.126A>T,UKBB/AllofUs,0.045797,126
chr12-120291777-G-T,n.127C>A,UKBB/AllofUs,-0.0832,127
chr12-120291777-G-C,n.127C>G,UKBB/AllofUs,-0.018482,127
chr12-120291777-G-A,n.127C>T,UKBB/AllofUs,-0.205644,127
chr12-120291776-T-G,n.128A>C,UKBB/AllofUs,0.029129,128
chr12-120291776-T-C,n.128A>G,UKBB/AllofUs,-0.042454,128
chr12-120291776-T-A,n.128A>T,UKBB/AllofUs,-0.028188,128
chr12-120291775-C-T,n.129G>A,UKBB/AllofUs,-0.476364,129
chr12-120291775-C-G,n.129G>C,UKBB/AllofUs,-0.495336,129
chr12-120291775-C-A,n.129G>T,unobserved,-0.510083,129
chr12-120291774-A-T,n.130T>A,UKBB/AllofUs,-0.220696,130
chr12-120291774-A-G,n.130T>C,UKBB/AllofUs,-0.082848,130
chr12-120291774-A-C,n.130T>G,UKBB/AllofUs,-0.06546,130
chr12-120291773-G-T,n.131C>A,UKBB/AllofUs,-0.851315,131
chr12-120291773-G-C,n.131C>G,UKBB/AllofUs,-0.247434,131
chr12-120291773-G-A,n.131C>T,UKBB/AllofUs,-0.068192,131
chr12-120291772-A-T,n.132T>A,UKBB/AllofUs,-0.034575,132
chr12-120291772-A-G,n.132T>C,UKBB/AllofUs,-0.12847,132
chr12-120291772-A-C,n.132T>G,UKBB/AllofUs,-0.130457,132
chr12-120291771-G-T,n.133C>A,UKBB/AllofUs,-0.150198,133
chr12-120291771-G-C,n.133C>G,UKBB/AllofUs,0.167485,133
chr12-120291771-G-A,n.133C>T,UKBB/AllofUs,-0.060795,133
chr12-120291770-A-T,n.134T>A,UKBB/AllofUs,-0.04827,134
chr12-120291770-A-G,n.134T>C,UKBB/AllofUs,0.009085,134
chr12-120291770-A-C,n.134T>G,UKBB/AllofUs,-0.081243,134
chr12-120291769-T-G,n.135A>C,UKBB/AllofUs,0.003256,135
chr12-120291769-T-C,n.135A>G,UKBB/AllofUs,0.035388,135
chr12-120291769-T-A,n.135A>T,UKBB/AllofUs,-0.161939,135
chr12-120291768-G-T,n.136C>A,UKBB/AllofUs,-0.17699,136
chr12-120291768-G-GT,n.134_135insA,unobserved,0.05526,135.5
chr12-120291768-G-GC,n.135_136insG,unobserved,-0.110781,135.5
chr12-120291768-G-GA,n.135_136insT,unobserved,0.114699,135.5
chr12-120291768-G-C,n.136C>G,UKBB/AllofUs,-0.023626,136
chr12-120291768-G-A,n.136C>T,UKBB/AllofUs,-0.099216,136
chr12-120291767-C-T,n.137G>A,UKBB/AllofUs,-0.010585,137
chr12-120291767-C-G,n.137G>C,UKBB/AllofUs,0.018685,137
chr12-120291767-C-CG,n.135_136insC,unobserved,-0.233266,136.5
chr12-120291767-C-A,n.137G>T,unobserved,0.01525,137
chr12-120291766-C-T,n.138G>A,UKBB/AllofUs,0.073167,138
chr12-120291766-C-G,n.138G>C,unobserved,-0.040995,138
chr12-120291766-C-A,n.138G>T,UKBB/AllofUs,0.075581,138
chr12-120291765-T-G,n.139A>C,UKBB/AllofUs,-0.204946,139
chr12-120291765-T-C,n.139A>G,UKBB/AllofUs,-0.257943,139
chr12-120291765-T-A,n.139A>T,UKBB/AllofUs,-0.301569,139
chr12-120291764-C-T,n.140G>A,UKBB/AllofUs,-0.42352,140
chr12-120291764-C-G,n.140G>C,UKBB/AllofUs,-0.609981,140
chr12-120291764-C-A,n.140G>T,UKBB/AllofUs,-0.636836,140
chr12-120291763-T-G,n.141A>C,UKBB/AllofUs,-0.208676,141
chr12-120291763-T-C,n.141A>G,UKBB/AllofUs,0.00848,141
chr12-120291763-T-A,n.141A>T,UKBB/AllofUs,-0.121821,141
chr12-120291762-G-T,n.142C>A,UKBB/AllofUs,-0.458986,142
chr12-120291762-G-C,n.142C>G,UKBB/AllofUs,-0.480255,142
chr12-120291762-G-A,n.142C>T,UKBB/AllofUs,-0.060242,142
chr12-120291761-A-T,n.143T>A,UKBB/AllofUs,-0.174976,143
chr12-120291761-A-G,n.143T>C,UKBB/AllofUs,-0.016408,143
chr12-120291761-A-C,n.143T>G,UKBB/AllofUs,0.010682,143
chr12-120291760-C-T,n.144G>A,UKBB/AllofUs,0.047696,144
chr12-120291760-C-G,n.144G>C,UKBB/AllofUs,-0.026998,144
chr12-120291760-C-A,n.144G>T,UKBB/AllofUs,0.00045,144
chr12-120291759-T-G,n.145A>C,UKBB/AllofUs,0.137717,145
chr12-120291759-T-C,n.145A>G,UKBB/AllofUs,0.012919,145
chr12-120291759-T-A,n.145A>T,UKBB/AllofUs,-0.123272,145
chr12-120291758-T-G,,,-0.04844,146
chr12-120291758-T-C,,,-0.080311,146
chr12-120291758-T-A,,,-0.11423,146
chr12-120291757-A-T,,,-0.053586,147
chr12-120291757-A-G,,,0.067966,147
chr12-120291757-A-C,,,0.03149,147
chr12-120291756-A-T,,,-0.163355,148
chr12-120291756-A-G,,,0.071589,148
chr12-120291756-A-C,,,0.045148,148
chr12-120291755-A-T,,,0.242529,149
chr12-120291755-A-G,,,-0.122954,149
chr12-120291755-A-C,,,0.107022,149
chr12-120291754-A-T,,,-0.015357,150
chr12-120291754-A-G,,,-0.14921,150
chr12-120291754-A-C,,,0.150822,150
chr12-120291753-A-T,,,0.000042,151
chr12-120291753-A-G,,,-0.079259,151
chr12-120291753-A-C,,,-0.013348,151