,variant_id,Type,Type_expanded,Type_expanded_further,position_oligonucleotide,HGVS,category,AoU_AC,UKBiobank_AC,CADD_score,function_score,function_score_r1,function_score_r2,d4_rep1_read_count,d14_rep1_read_count,d4_rep2_read_count,d14_rep2_read_count,lib_read_count,neg_read_count,pvalues,qvalues
0,chr12-120291868-A-AA,control_insertion,insertion,1 nt insertion control,36,n.35_36insT,unobserved,,,,0.012279054,0.046016013,-0.007474364,4834,8287,6571,5572,4813,0,0.63823901,0.813281246
1,chr12-120291803-T-TG,control_insertion,insertion,1 nt insertion control,101,n.100_101insC,unobserved,,,,0.024096154,0.027444658,0.034731192,4756,8049,6677,5830,6180,0,0.672161581,0.827157744
2,chr12-120291867-A-AG,control_insertion,insertion,1 nt insertion control,37,n.36_37insC,unobserved,,,,0.007094278,-0.071283705,0.099455802,4631,7319,6257,5714,4929,0,0.622985654,0.802851443
3,chr12-120291867-A-AT,control_insertion,insertion,1 nt insertion control,37,n.36_37insA,unobserved,,,,-0.077657711,-0.117085821,-0.024246059,4073,6236,5901,4946,4206,0,0.364125789,0.603888616
4,chr12-120291867-A-AC,control_insertion,insertion,1 nt insertion control,37,n.36_37insG,unobserved,,,,-0.126237536,0.019789417,-0.258280948,3990,6717,5230,3727,4999,0,0.23385395,0.444193995
5,chr12-120291805-T-TT,control_insertion,insertion,1 nt insertion control,99,n.98_99insA,unobserved,,,,0.205402858,0.228415728,0.19637353,3447,6706,4546,4440,4829,0,0.968520415,0.994347626
6,chr12-120291768-G-GC,control_insertion,insertion,1 nt insertion control,136,n.135_136insG,unobserved,,,,-0.234716825,-0.114165632,-0.341284477,3158,4845,4651,3129,5129,0,0.057976257,0.167108035
7,chr12-120291768-G-GG,control_insertion,insertion,1 nt insertion control,136,n.135_136insC,unobserved,,,,-0.252332324,-0.498155472,0.007474364,3132,3682,4476,3835,5287,0,0.043694558,0.135352684
8,chr12-120291769-T-TT,control_insertion,insertion,1 nt insertion control,135,n.134_135insA,unobserved,,,,-0.007094278,-0.120669944,0.120464929,3040,4643,4224,3914,4948,0,0.580318392,0.774236667
9,chr12-120291803-T-TC,control_insertion,insertion,1 nt insertion control,101,n.100_101insG,unobserved,,,,0.008076013,0.051776492,-0.021640925,2924,5033,5701,4787,4465,0,0.625889477,0.803224829
10,chr12-120291803-T-TA,control_insertion,insertion,1 nt insertion control,101,n.100_101insT,unobserved,,,,-0.046258563,-0.019789417,-0.058744168,2914,4773,4470,3658,4817,0,0.459123066,0.682974655
11,chr12-120291768-G-GA,control_insertion,insertion,1 nt insertion control,136,n.135_136insT,unobserved,,,,0.090226077,0.17546637,0.018969326,2833,5313,4371,3775,5081,0,0.831845442,0.927967153
12,chr12-120291839-T-,deletion,deletion,deletion,65,n.65del,unobserved,,,,-1.775921602,-1.428034714,-2.109824949,6099,3763,8091,1597,5727,0,2.35E-42,1.81E-40
13,chr12-120291827-T-,deletion,deletion,deletion,77,n.77del,unobserved,,,,-0.097149081,-0.165874151,-0.014440471,5630,8333,8968,7568,6432,0,0.308741698,0.540297971
14,chr12-120291834-A-,deletion,deletion,deletion,70,n.70del,unobserved,,,,0.210691526,0.265771294,0.1695953,5012,10006,7098,6805,5406,0,0.971330243,0.995336504
15,chr12-120291835-G-,deletion,deletion,deletion,69,n.69del,unobserved,,,,-1.402888918,-1.25253849,-1.539255805,4977,3468,7214,2115,5644,0,6.32E-27,1.36E-25
16,chr12-120291825-A-,deletion,deletion,deletion,79,n.79del,unobserved,,,,0.054476212,-0.08193664,0.204872605,4789,7513,6897,6776,5679,0,0.752618638,0.872066036
17,chr12-120291840-C-,deletion,deletion,deletion,64,n.64del,unobserved,,,,-1.910882364,-1.794309817,-2.013471369,4693,2246,7554,1594,5594,0,7.74E-49,1.04E-46
18,chr12-120291842-A-,deletion,deletion,deletion,62,n.62del,unobserved,,,,-1.605083746,-1.541952264,-1.654231688,4650,2651,6882,1863,5877,0,7.77E-35,3.81E-33
19,chr12-120291830-G-,deletion,deletion,deletion,74,n.74del,unobserved,,,,0.134596941,0.055927879,0.227249544,3882,6701,6409,6395,4947,0,0.904466443,0.959660262
20,chr12-120291826-T-TACGT,insertion,insertion,nmer insertion,78,n.77_78insTACGT,unobserved,,,,-1.444358437,-1.730414524,-1.14431881,4014,2008,5551,2140,6277,0,1.84E-28,4.32E-27
21,chr12-120291826-T-TAAA,insertion,insertion,nmer insertion,78,n.77_78insTTT,unobserved,,,,-1.187864444,-1.26323595,-1.098509396,4696,3248,6003,2389,6308,1,1.09E-19,1.34E-18
22,chr12-120291839-T-TTT,insertion,insertion,nmer insertion,65,n.64_65insAA,unobserved,,,,-1.131736934,-1.345377713,-0.904112614,4483,2929,6368,2900,5430,0,5.37E-18,5.56E-17
23,chr12-120291840-C-CCC,insertion,insertion,nmer insertion,64,n.63_64insGG,unobserved,,,,-1.941518551,-2.178147812,-1.69090575,4243,1556,7063,1864,5777,0,2.24E-50,6.05E-48
24,chr12-120291826-T-TAA,insertion,insertion,nmer insertion,78,n.77_78insTT,unobserved,,,,-0.864800865,-0.797634457,-0.917983733,4239,4049,5800,2616,6096,0,4.45E-11,3.11E-10
25,chr12-120291827-T-TAA,insertion,insertion,nmer insertion,77,n.76_77insTT,unobserved,,,,-2.004503394,-2.000200694,-1.994822553,4177,1733,6793,1452,5687,0,1.29E-53,6.96E-51
26,chr12-120291838-T-TAA,insertion,insertion,nmer insertion,66,n.65_66insTT,unobserved,,,,-1.70022288,-1.569597817,-1.816864402,3662,2048,5149,1245,4628,0,6.27E-39,3.76E-37
27,chr12-120291839-T-TAA,insertion,insertion,nmer insertion,65,n.64_65insTT,unobserved,,,,-1.073105698,-0.793543395,-1.338684459,3277,3139,4699,1583,4535,0,2.56E-16,2.38E-15
28,chr12-120291836-T-TA,insertion,insertion,1nt insertion,68,n.67_68insT,unobserved,,,,-1.036999808,-1.327003806,-0.73301227,5558,3678,7475,3833,6281,0,2.50E-15,2.17E-14
29,chr12-120291840-C-CG,insertion,insertion,1nt insertion,64,n.63_64insC,unobserved,,,,-0.605168238,-0.555157752,-0.641195182,5514,6231,7197,3933,6550,0,4.09E-06,2.02E-05
30,chr12-120291824-T-TC,insertion,insertion,1nt insertion,80,n.79_80insG,unobserved,,,,-0.235845678,-0.050546118,-0.407161697,4951,7938,8266,5313,6561,0,0.056962707,0.165069349
31,chr12-120291827-T-TC,insertion,insertion,1nt insertion,77,n.76_77insG,unobserved,,,,-0.925904595,-0.622287778,-1.215537871,4857,5239,6652,2441,5987,0,1.69E-12,1.28E-11
32,chr12-120291834-A-AT,insertion,insertion,1nt insertion,70,n.69_70insA,unobserved,,,,-0.467560015,-0.476632478,-0.444504011,4807,5736,7560,4735,6333,0,0.000352799,0.001497312
33,chr12-120291838-T-TG,insertion,insertion,1nt insertion,66,n.65_66insC,unobserved,,,,-1.240738112,-1.071666588,-1.395826096,4793,3786,6985,2262,6575,0,2.35E-21,3.43E-20
34,chr12-120291841-A-AC,insertion,insertion,1nt insertion,63,n.62_63insG,unobserved,,,,-0.935412387,-0.823471389,-1.033369845,4678,4389,7025,2925,6799,0,9.96E-13,7.78E-12
35,chr12-120291825-A-AA,insertion,insertion,1nt insertion,79,n.78_79insT,unobserved,,,,-0.195773962,-0.404214463,0.026650081,4629,5808,6741,5853,6296,0,0.102333534,0.246240066
36,chr12-120291828-G-GC,insertion,insertion,1nt insertion,76,n.75_76insG,unobserved,,,,-1.056971136,-0.861487817,-1.238470915,4618,4220,7088,2560,6109,0,7.15E-16,6.32E-15
37,chr12-120291839-T-TT,insertion,insertion,1nt insertion,65,n.64_65insA,unobserved,,,,-1.492550026,-1.599165056,-1.371951456,4517,2475,7259,2390,5661,0,2.66E-30,8.44E-29
38,chr12-120291842-A-AC,insertion,insertion,1nt insertion,62,n.61_62insG,unobserved,,,,-0.364521407,-0.314690816,-0.400368457,4495,6001,7470,4824,5445,0,0.00488258,0.01840357
39,chr12-120291842-A-AA,insertion,insertion,1nt insertion,62,n.61_62insT,unobserved,,,,-0.621970879,-0.610746994,-0.619211223,4478,4869,6243,3464,4845,0,2.20E-06,1.13E-05
40,chr12-120291835-G-GA,insertion,insertion,1nt insertion,69,n.68_69insT,unobserved,,,,-1.437435718,-1.50540883,-1.355479065,4349,2543,6270,2088,5640,0,3.35E-28,7.53E-27
41,chr12-120291831-A-AC,insertion,insertion,1nt insertion,73,n.72_73insG,unobserved,,,,0.07958525,0.20870292,-0.035548879,4321,8292,6135,5102,5761,0,0.810169316,0.909752627
42,chr12-120291842-A-AG,insertion,insertion,1nt insertion,62,n.61_62insC,unobserved,,,,-0.621458719,-0.503075891,-0.725858007,4301,5039,6464,3331,6069,0,2.25E-06,1.14E-05
43,chr12-120291836-T-TC,insertion,insertion,1nt insertion,68,n.67_68insG,unobserved,,,,-0.943691627,-0.86407232,-1.009327393,4270,3895,7700,3260,6049,0,6.25E-13,4.96E-12
44,chr12-120291838-T-TC,insertion,insertion,1nt insertion,66,n.65_66insG,unobserved,,,,-1.919827784,-2.077478466,-1.748193561,4262,1676,5887,1493,5401,0,2.77E-49,4.98E-47
45,chr12-120291824-T-TG,insertion,insertion,1nt insertion,80,n.79_80insC,unobserved,,,,-0.074883579,-0.177640132,0.041856514,4249,6238,6227,5464,5514,1,0.372279042,0.609903962
46,chr12-120291834-A-AA,insertion,insertion,1nt insertion,70,n.69_70insT,unobserved,,,,-0.060208943,-0.003930531,-0.102503814,4247,7033,6429,5104,5765,0,0.416283737,0.65225853
47,chr12-120291839-T-TA,insertion,insertion,1nt insertion,65,n.64_65insT,ReNU_syndrome,,1,,-1.293613982,-1.311877034,-1.261367388,4247,2840,5514,1960,5390,0,4.27E-23,6.58E-22
48,chr12-120291829-G-GC,insertion,insertion,1nt insertion,75,n.74_75insG,unobserved,,,,-0.145555267,-0.351045833,0.07391884,4241,5521,6984,6266,5678,0,0.190290139,0.389986254
49,chr12-120291839-T-TG,insertion,insertion,1nt insertion,65,n.64_65insC,UKBB/AllofUs,1,1,,-0.704762084,-0.916319516,-0.479221112,4232,3723,5888,3600,5718,0,8.17E-08,4.54E-07
50,chr12-120291833-A-AG,insertion,insertion,1nt insertion,71,n.70_71insC,unobserved,,,,-0.042218764,-0.233719815,0.163265829,4188,5914,5739,5478,5618,0,0.471640692,0.694574681
51,chr12-120291827-T-TT,insertion,insertion,1nt insertion,77,n.76_77insA,unobserved,,,,-0.317017681,-0.3102883,-0.309763521,4143,5548,6214,4273,5653,0,0.013425924,0.047609033
52,chr12-120291835-G-GC,insertion,insertion,1nt insertion,69,n.68_69insG,unobserved,,,,-1.096229745,-1.133665382,-1.044810567,4130,3125,5423,2240,5408,0,5.71E-17,5.50E-16
53,chr12-120291833-A-AC,insertion,insertion,1nt insertion,71,n.70_71insG,unobserved,,,,-0.30490796,-0.187051414,-0.408780965,4115,6002,6031,3872,5485,0,0.017034707,0.05811207
54,chr12-120291825-A-AG,insertion,insertion,1nt insertion,79,n.78_79insC,unobserved,,,,-0.329317875,-0.301548394,-0.343103815,4043,5447,5456,3666,5319,0,0.010456113,0.037824462
55,chr12-120291840-C-CT,insertion,insertion,1nt insertion,64,n.63_64insA,unobserved,,,,-1.299912382,-1.141624706,-1.444216518,4012,3019,5343,1673,5114,0,2.62E-23,4.15E-22
56,chr12-120291829-G-GA,insertion,insertion,1nt insertion,75,n.74_75insT,unobserved,,,,-0.185284474,-0.215032861,-0.141552546,3974,5685,6916,5344,5595,0,0.117695987,0.268960798
57,chr12-120291826-T-TC,insertion,insertion,1nt insertion,78,n.77_78insG,ReNU_syndrome,,,,-0.91038665,-0.7127368,-1.094052959,3973,4025,7422,2963,5595,0,3.96E-12,2.92E-11
58,chr12-120291841-A-AG,insertion,insertion,1nt insertion,63,n.62_63insC,unobserved,,,,-1.522909018,-1.77988815,-1.251946345,3970,1919,5995,2145,5726,0,1.72E-31,6.17E-30
59,chr12-120291824-T-TT,insertion,insertion,1nt insertion,80,n.79_80insA,unobserved,,,,-0.069616294,-0.100155192,-0.025093856,3948,6116,6185,5181,5251,0,0.38791557,0.627887363
60,chr12-120291838-T-TA,insertion,insertion,1nt insertion,66,n.65_66insT,ReNU_syndrome,,,,-1.402072427,-1.421032348,-1.369128966,3889,2411,6169,2035,5371,0,6.77E-27,1.40E-25
61,chr12-120291826-T-TA,insertion,insertion,1nt insertion,78,n.77_78insT,ReNU_syndrome,,,,-0.587499158,-0.617598618,-0.543416156,3785,4096,6303,3686,5411,0,7.71E-06,3.68E-05
62,chr12-120291840-C-CC,insertion,insertion,1nt insertion,64,n.63_64insG,ReNU_syndrome,,,,-1.740026403,-1.953884521,-1.512184743,3758,1610,5226,1561,5545,0,1.03E-40,6.97E-39
63,chr12-120291837-T-TG,insertion,insertion,1nt insertion,67,n.66_67insC,unobserved,,,,-1.458835372,-1.282309765,-1.621377438,3736,2550,5572,1543,4996,0,5.24E-29,1.41E-27
64,chr12-120291828-G-GA,insertion,insertion,1nt insertion,76,n.75_76insT,unobserved,,,,-0.700713539,-0.613071607,-0.774371929,3728,4047,5748,2864,5382,0,9.69E-08,5.33E-07
65,chr12-120291825-A-AC,insertion,insertion,1nt insertion,79,n.78_79insG,unobserved,,,,-0.152804219,-0.051581195,-0.240043703,3723,5965,5882,4245,5836,0,0.175320841,0.367696239
66,chr12-120291841-A-AT,insertion,insertion,1nt insertion,63,n.62_63insA,unobserved,,,,-0.736996218,-0.936120921,-0.523887974,3712,3221,5751,3409,4901,0,2.03E-08,1.20E-07
67,chr12-120291826-T-TG,insertion,insertion,1nt insertion,78,n.77_78insC,unobserved,,,,-0.747366046,-0.770792042,-0.709956509,3683,3584,5259,2740,5316,0,1.28E-08,7.76E-08
68,chr12-120291831-A-AG,insertion,insertion,1nt insertion,73,n.72_73insC,unobserved,,,,-0.002986711,0.183274257,-0.175264138,3677,6933,5115,3861,5376,0,0.592792188,0.779304852
69,chr12-120291836-T-TG,insertion,insertion,1nt insertion,68,n.67_68insC,unobserved,,,,-0.911795964,-1.114322046,-0.69528634,3646,2796,5599,2947,4922,0,3.67E-12,2.75E-11
70,chr12-120291827-T-TA,insertion,insertion,1nt insertion,77,n.76_77insT,ReNU_syndrome,,,,-1.148002465,-0.79837858,-1.483642809,3619,3455,6577,2004,5513,0,1.77E-18,1.95E-17
71,chr12-120291832-A-AC,insertion,insertion,1nt insertion,72,n.71_72insG,unobserved,,,,0.260276671,0.165710734,0.368826148,3605,6715,6136,6754,5297,0,0.988911224,0.999151921
72,chr12-120291828-G-GT,insertion,insertion,1nt insertion,76,n.75_76insA,unobserved,,,,-0.60648845,-0.780802393,-0.418190965,3600,3479,5793,3695,5453,0,3.90E-06,1.95E-05
73,chr12-120291834-A-AC,insertion,insertion,1nt insertion,70,n.69_70insG,unobserved,,,,-0.839904397,-1.013328476,-0.652496777,3459,2845,5948,3225,5881,1,1.58E-10,1.05E-09
74,chr12-120291832-A-AT,insertion,insertion,1nt insertion,72,n.71_72insA,unobserved,,,,-0.039498086,-0.00233918,-0.062673451,3443,5708,5123,4181,4890,0,0.480087502,0.70317164
75,chr12-120291829-G-GT,insertion,insertion,1nt insertion,75,n.74_75insA,unobserved,,,,-0.199138534,-0.273623139,-0.110670387,3442,4728,5138,4056,5255,0,0.097729287,0.240862559
76,chr12-120291830-G-GG,insertion,insertion,1nt insertion,74,n.73_74insC,unobserved,,,,-0.114014367,-0.08152122,-0.132523973,3427,5378,5183,4030,4531,0,0.264048579,0.48907967
77,chr12-120291833-A-AT,insertion,insertion,1nt insertion,71,n.70_71insA,unobserved,,,,-0.024666297,0.046711569,-0.082060621,3427,5878,5925,4771,5473,0,0.526193538,0.744405032
78,chr12-120291837-T-TC,insertion,insertion,1nt insertion,67,n.66_67insG,unobserved,,,,-1.171548459,-1.231474431,-1.097638946,3386,2394,5437,2165,4474,0,3.46E-19,4.05E-18
79,chr12-120291830-G-GC,insertion,insertion,1nt insertion,74,n.73_74insG,unobserved,,,,-0.355238127,-0.06059942,-0.635893293,3323,5291,5251,2880,4862,0,0.006008286,0.022334251
80,chr12-120291844-T-TT,insertion,insertion,1nt insertion,60,n.59_60insA,unobserved,,,,-0.315053176,-0.284208218,-0.331914593,3295,4493,5625,3809,4409,0,0.013962153,0.048867534
81,chr12-120291830-G-GT,insertion,insertion,1nt insertion,74,n.73_74insA,UKBB/AllofUs,1,,,-0.10967728,-0.281220995,0.075849976,3245,4434,4842,4350,4421,0,0.275220804,0.504571473
82,chr12-120291832-A-AG,insertion,insertion,1nt insertion,72,n.71_72insC,unobserved,,,,-0.110955851,-0.081147711,-0.12678045,3105,4874,4659,3637,4637,0,0.271903184,0.500190499
83,chr12-120291835-G-GG,insertion,insertion,1nt insertion,69,n.68_69insC,unobserved,,,,-1.105180422,-1.273846574,-0.922530729,3085,2118,5507,2476,4618,0,3.17E-17,3.16E-16
84,chr12-120291831-A-AT,insertion,insertion,1nt insertion,73,n.72_73insA,unobserved,,,,0.101246514,-0.009276419,0.225752989,2968,4897,4038,4025,4076,0,0.852543885,0.937564536
85,chr12-120291837-T-TA,insertion,insertion,1nt insertion,67,n.66_67insT,unobserved,,,,-1.556364349,-1.268468409,-1.830276749,2734,1884,4442,1064,3777,1,7.84E-33,3.25E-31
86,chr12-120291879-T-G,SNV,SNV,SNV,25,n.25A>C,unobserved,,,18.8,-0.066642293,-0.218099767,0.098798722,8677,12386,10666,9736,5686,0,0.396827027,0.637099216
87,chr12-120291887-T-G,SNV,SNV,SNV,17,n.17A>C,UKBB/AllofUs,6,1,18.76,-0.222035495,-0.258226346,-0.171861103,8066,11198,11132,8423,4536,0,0.070359436,0.190674248
88,chr12-120291874-T-C,SNV,SNV,SNV,30,n.30A>G,UKBB/AllofUs,38,46,18.63,-0.033922876,-0.151174347,0.097312136,7673,11473,10121,9229,5745,3,0.497420515,0.716131202
89,chr12-120291899-A-G,SNV,SNV,SNV,5,n.5T>C,UKBB/AllofUs,,1,18.41,-0.011484129,-0.111910067,0.10292535,7534,11576,9163,8388,5537,0,0.566897877,0.771610999
90,chr12-120291890-C-T,SNV,SNV,SNV,14,n.14G>A,UKBB/AllofUs,13,7,20.2,-0.594205209,-0.716243497,-0.458183381,7528,7608,10409,6458,7489,1,6.08E-06,2.95E-05
91,chr12-120291900-A-G,SNV,SNV,SNV,4,n.4T>C,UKBB/AllofUs,2,3,18.16,0.048366979,0.015687926,0.095029574,7402,12425,10494,9554,6020,0,0.737325449,0.863417612
92,chr12-120291867-A-C,SNV,SNV,SNV,37,n.37T>G,UKBB/AllofUs,11,11,17.59,0.146864906,-0.226647291,0.534360643,7305,10366,7576,9353,6517,0,0.919703237,0.970097935
93,chr12-120291883-A-G,SNV,SNV,SNV,21,n.21T>C,UKBB/AllofUs,5,8,18.73,-0.025051049,-0.063571676,0.027453119,7219,11470,9753,8473,5459,0,0.524999259,0.744405032
94,chr12-120291884-T-G,SNV,SNV,SNV,20,n.20A>C,UKBB/AllofUs,6,3,18.78,-0.062807812,-0.245861488,0.134229405,7078,9911,8543,7992,4725,0,0.408396239,0.641765518
95,chr12-120291891-A-G,SNV,SNV,SNV,13,n.13T>C,UKBB/AllofUs,4,9,18.77,-0.016616174,-0.052593791,0.033344985,6980,11175,9539,8321,5831,1,0.551111055,0.755849513
96,chr12-120291776-T-C,SNV,SNV,SNV,128,n.128A>G,UKBB/AllofUs,199,84,15.74,-0.024138525,-0.170963174,0.136669666,6966,10274,8774,8222,7287,0,0.527831367,0.744767295
97,chr12-120291775-C-A,SNV,SNV,SNV,129,n.129G>T,unobserved,,,18.65,-0.336515955,-0.338284289,-0.32076408,6941,9116,11412,7788,7238,0,0.008998338,0.032770972
98,chr12-120291893-T-G,SNV,SNV,SNV,11,n.11A>C,UKBB/AllofUs,3,8,18.63,-0.519350092,-0.552682523,-0.47203412,6888,7797,9481,5826,4894,0,7.50E-05,0.000339547
99,chr12-120291886-C-T,SNV,SNV,SNV,18,n.18G>A,UKBB/AllofUs,154,108,18.98,0.011217762,-0.077237955,0.113657021,6740,10608,8335,7687,6066,0,0.635133659,0.813152119
100,chr12-120291816-T-C,SNV,SNV,SNV,88,n.88A>G,UKBB/AllofUs,357,442,10.9,0.022302004,-0.172727493,0.231315042,6686,9849,9497,9503,7587,0,0.667093464,0.827136095
101,chr12-120291886-C-A,SNV,SNV,SNV,18,n.18G>T,unobserved,,,18.58,-0.207098375,-0.303744991,-0.096468217,6582,8854,8695,6932,6170,0,0.087444732,0.224441479
102,chr12-120291891-A-T,SNV,SNV,SNV,13,n.13T>A,UKBB/AllofUs,4,,18.55,0.035720496,0.125966252,-0.04054172,6568,11901,9910,8213,6198,0,0.704200757,0.85375426
103,chr12-120291895-C-T,SNV,SNV,SNV,9,n.9G>A,UKBB/AllofUs,40,51,19.94,-0.792488658,-0.704023821,-0.866969953,6554,6680,9621,4496,5995,1,1.60E-09,1.00E-08
104,chr12-120291892-C-A,SNV,SNV,SNV,12,n.12G>T,unobserved,,,19.62,-0.228239644,-0.252739279,-0.189756469,6499,9057,9779,7308,6875,0,0.064068328,0.179858484
105,chr12-120291903-T-G,SNV,SNV,SNV,1,n.1A>C,UKBB/AllofUs,3,11,16.57,-0.039657537,-0.263997108,0.198665574,6487,8970,8685,8496,4972,1,0.479592176,0.70317164
106,chr12-120291903-T-C,SNV,SNV,SNV,1,n.1A>G,UKBB/AllofUs,18,14,16.84,-0.066486522,-0.150020202,0.031030698,6482,9700,10776,9385,4757,1,0.397295319,0.637099216
107,chr12-120291850-T-G,SNV,SNV,SNV,54,n.54A>C,UKBB/AllofUs,,1,18.95,-0.024842976,-0.244152307,0.208449895,6459,9055,7680,7564,6371,1,0.52564515,0.744405032
108,chr12-120291849-A-G,SNV,SNV,SNV,55,n.55T>C,UKBB/AllofUs,2,3,19.16,-0.239747365,-0.176394833,-0.289116357,6458,9489,8554,5967,6532,0,0.053566649,0.156915346
109,chr12-120291896-G-A,SNV,SNV,SNV,8,n.8C>T,UKBB/AllofUs,45,76,19.98,-0.175911518,-0.305700852,-0.032138644,6448,8662,8798,7334,5658,0,0.13274569,0.296887663
110,chr12-120291893-T-A,SNV,SNV,SNV,11,n.11A>T,unobserved,,,18.81,-0.470430231,-0.664193711,-0.26268321,6407,6713,9063,6439,5321,0,0.000325085,0.001405591
111,chr12-120291875-T-A,SNV,SNV,SNV,29,n.29A>T,UKBB/AllofUs,,3,19,0.094541428,0.25684077,-0.053774374,6393,12684,9278,7619,5574,0,0.840163211,0.927967153
112,chr12-120291836-T-G,SNV,SNV,SNV,68,n.68A>C,ReNU_syndrome,,,19.3,-1.057025663,-1.034637849,-1.065429936,6352,5148,10409,4239,6905,0,7.13E-16,6.32E-15
113,chr12-120291885-A-G,SNV,SNV,SNV,19,n.19T>C,UKBB/AllofUs,7,1,19.36,-0.091376103,-0.221674406,0.052905741,6350,9042,8594,7599,5067,1,0.324766827,0.559263002
114,chr12-120291895-C-A,SNV,SNV,SNV,9,n.9G>T,unobserved,,,19.8,-1.327013102,-1.307163671,-1.332878992,6345,4257,8321,2815,5944,0,3.11E-24,5.41E-23
115,chr12-120291861-C-A,SNV,SNV,SNV,43,n.43G>T,unobserved,,,20.6,-0.151844365,-0.113397203,-0.176307986,6341,9733,9675,7298,7904,0,0.177258933,0.370320019
116,chr12-120291842-A-G,SNV,SNV,SNV,62,n.62T>C,ReNU_syndrome,,,19.44,-1.510432716,-1.529010295,-1.477871595,6211,3573,7799,2386,6479,0,5.33E-31,1.80E-29
117,chr12-120291870-C-A,SNV,SNV,SNV,34,n.34G>T,UKBB/AllofUs,2,1,19.89,-0.236334771,-0.142270546,-0.316415454,6200,9328,9461,6476,6528,0,0.056527925,0.164694873
118,chr12-120291902-C-T,SNV,SNV,SNV,2,n.2G>A,UKBB/AllofUs,9,7,19.53,-0.033722227,-0.171997908,0.118536994,6171,9095,8979,8309,4816,1,0.498044608,0.716131202
119,chr12-120291875-T-G,SNV,SNV,SNV,29,n.29A>C,UKBB/AllofUs,30,8,19.17,-0.245710245,-0.195763328,-0.281673621,6139,8900,8828,6190,5093,0,0.048688645,0.144248024
120,chr12-120291902-C-A,SNV,SNV,SNV,2,n.2G>T,unobserved,,,18.77,0.369493802,0.265085135,0.48788601,6118,12208,8807,10528,4660,0,0.999151921,0.999151921
121,chr12-120291849-A-T,SNV,SNV,SNV,55,n.55T>A,unobserved,,,18.86,0.064927389,0.007801994,0.136036326,6066,10127,8717,8165,7295,0,0.777637225,0.891800988
122,chr12-120291869-C-T,SNV,SNV,SNV,35,n.35G>A,UKBB/AllofUs,39,16,19.78,-0.250742471,-0.036115633,-0.451385767,6059,9812,9635,6006,6869,0,0.04485416,0.138150814
123,chr12-120291888-G-A,SNV,SNV,SNV,16,n.16C>T,UKBB/AllofUs,64,66,20.4,-0.202219968,-0.165302994,-0.225153402,6058,8970,7762,5660,5121,0,0.09364742,0.234771904
124,chr12-120291852-A-G,SNV,SNV,SNV,52,n.52T>C,UKBB/AllofUs,5,3,19.1,-0.027205852,-0.07911078,0.038682617,6026,9472,10036,8787,6049,0,0.518306861,0.73906719
125,chr12-120291884-T-C,SNV,SNV,SNV,20,n.20A>G,UKBB/AllofUs,22,49,19.32,-0.089963517,-0.116645319,-0.049298173,6019,9218,9140,7529,5603,0,0.328739424,0.562509682
126,chr12-120291863-G-C,SNV,SNV,SNV,41,n.41C>G,UKBB/AllofUs,15,12,19.73,-0.278439717,-0.307597074,-0.235298818,6007,8059,8760,6343,5552,0,0.0278814,0.089452823
127,chr12-120291894-G-A,SNV,SNV,SNV,10,n.10C>T,UKBB/AllofUs,85,46,20.2,0.093853161,0.085780171,0.115909692,6005,10582,8191,7566,6032,0,0.838854942,0.927967153
128,chr12-120291875-T-C,SNV,SNV,SNV,29,n.29A>G,UKBB/AllofUs,96,230,19.14,0.023199757,-0.015974756,0.076357811,6003,9858,9735,8749,5426,0,0.669633327,0.827157744
129,chr12-120291893-T-C,SNV,SNV,SNV,11,n.11A>G,UKBB/AllofUs,32,63,19.01,-0.196170285,-0.173231861,-0.205125168,5961,8778,8484,6273,4543,1,0.101783131,0.246013934
130,chr12-120291880-A-G,SNV,SNV,SNV,24,n.24T>C,UKBB/AllofUs,10,8,18.84,-0.106595855,-0.087190134,-0.112018034,5953,9305,7780,6136,4527,1,0.283297418,0.514348406
131,chr12-120291868-A-T,SNV,SNV,SNV,36,n.36T>A,UKBB/AllofUs,,6,18.62,-0.008912557,0.031386406,-0.03522798,5947,10092,7337,6103,5325,1,0.574770001,0.77311693
132,chr12-120291833-A-C,SNV,SNV,SNV,71,n.71T>G,unobserved,,,19.09,-0.088020665,-0.022549444,-0.139508345,5946,9720,8329,6445,7156,0,0.334234969,0.566517761
133,chr12-120291877-G-C,SNV,SNV,SNV,27,n.27C>G,UKBB/AllofUs,4,3,19.97,-0.90045091,-0.862609159,-0.92430912,5927,5412,8584,3855,4687,0,6.78E-12,4.94E-11
134,chr12-120291844-T-C,SNV,SNV,SNV,60,n.60A>G,UKBB/AllofUs,96,181,19.01,-0.155524821,-0.043234098,-0.253832004,5909,9522,8718,6232,5463,0,0.169900882,0.359123825
135,chr12-120291892-C-T,SNV,SNV,SNV,12,n.12G>A,UKBB/AllofUs,11,14,19.89,-0.222446938,-0.156125457,-0.274784878,5882,8765,8011,5644,6134,1,0.06992804,0.190674248
136,chr12-120291880-A-T,SNV,SNV,SNV,24,n.24T>A,UKBB/AllofUs,,1,18.79,-0.016855029,0.005522606,-0.025249124,5874,9791,8226,6890,5035,0,0.55037413,0.755849513
137,chr12-120291894-G-T,SNV,SNV,SNV,10,n.10C>A,UKBB/AllofUs,1,1,19.05,-1.563743806,-1.569100342,-1.54440373,5866,3282,7647,2234,6306,0,3.94E-33,1.77E-31
138,chr12-120291797-A-C,SNV,SNV,SNV,107,n.107T>G,UKBB/AllofUs,6,3,18.23,0.04605211,0.145467267,-0.039379506,5840,10726,9298,7712,6493,0,0.731406818,0.863417612
139,chr12-120291878-C-A,SNV,SNV,SNV,26,n.26G>T,unobserved,,,19.39,0.013836239,0.205769389,-0.16411337,5815,11136,8818,6708,5881,0,0.64277887,0.813281246
140,chr12-120291871-T-G,SNV,SNV,SNV,33,n.33A>C,UKBB/AllofUs,1,1,18.69,-0.191194822,-0.19701937,-0.171386734,5795,8394,8202,6208,5580,0,0.108850478,0.252889689
141,chr12-120291851-A-T,SNV,SNV,SNV,53,n.53T>A,unobserved,,,18.86,-0.056899554,-0.100502673,0.000687107,5788,8964,7832,6679,6673,0,0.426376245,0.660393092
142,chr12-120291900-A-C,SNV,SNV,SNV,4,n.4T>G,UKBB/AllofUs,12,,18.18,0.234181249,-0.023989365,0.506335403,5767,9418,9502,11505,5223,1,0.981413346,0.998078856
143,chr12-120291880-A-C,SNV,SNV,SNV,24,n.24T>G,unobserved,,,18.62,-0.145014137,-0.175088741,-0.100955992,5764,8477,9667,7683,5496,0,0.191438226,0.390623111
144,chr12-120291889-C-T,SNV,SNV,SNV,15,n.15G>A,UKBB/AllofUs,36,19,19.94,-0.064334089,0.020501964,-0.1351866,5748,9681,8947,6944,5634,0,0.403781051,0.637099216
145,chr12-120291887-T-C,SNV,SNV,SNV,17,n.17A>G,UKBB/AllofUs,14,26,19.01,-0.17406165,-0.168598507,-0.165541251,5730,8465,9182,6978,5395,1,0.135865999,0.301365324
146,chr12-120291827-T-A,SNV,SNV,SNV,77,n.77A>T,unobserved,,,19.14,-1.159600803,-1.156992517,-1.148225549,5719,4258,7342,2823,6431,0,7.96E-19,9.13E-18
147,chr12-120291870-C-T,SNV,SNV,SNV,34,n.34G>A,UKBB/AllofUs,39,9,19.96,-0.074451299,-0.036168499,-0.098750558,5714,9253,8455,6730,6200,0,0.373554806,0.610139516
148,chr12-120291798-C-A,SNV,SNV,SNV,106,n.106G>T,UKBB/AllofUs,1,,18.91,-0.073027276,-0.10160492,-0.030466091,5711,8838,7459,6225,5739,0,0.377767183,0.613302747
149,chr12-120291873-A-C,SNV,SNV,SNV,31,n.31T>G,UKBB/AllofUs,28,39,18.9,-0.696368285,-0.762755987,-0.615997042,5690,5568,9034,5024,5049,0,1.16E-07,6.26E-07
150,chr12-120291862-G-C,SNV,SNV,SNV,42,n.42C>G,UKBB/AllofUs,8,9,19.51,-0.126896472,-0.096604374,-0.14320503,5679,8819,7402,5713,6396,0,0.23228239,0.44397237
151,chr12-120291845-A-G,SNV,SNV,SNV,59,n.59T>C,UKBB/AllofUs,72,4,18.91,-0.199038182,-0.23404546,-0.150047362,5668,8002,7665,5888,6021,0,0.097864379,0.240862559
152,chr12-120291873-A-G,SNV,SNV,SNV,31,n.31T>C,UKBB/AllofUs,2,6,18.97,-0.859774792,-0.759856991,-0.945709053,5649,5539,8527,3773,5103,0,5.77E-11,3.98E-10
153,chr12-120291772-A-C,SNV,SNV,SNV,132,n.132T>G,UKBB/AllofUs,1,,17.82,-0.112225027,-0.152164133,-0.05830238,5643,8432,8810,7212,7212,3,0.268629736,0.495861054
154,chr12-120291841-A-T,SNV,SNV,SNV,63,n.63T>A,unobserved,,,19.25,-1.197435407,-0.977391011,-1.403496261,5640,4756,7075,2279,5943,0,5.53E-20,7.10E-19
155,chr12-120291898-A-T,SNV,SNV,SNV,6,n.6T>A,unobserved,,,18.35,-0.149864004,-0.098803044,-0.186941423,5638,8742,8132,6089,4942,0,0.181300145,0.374409112
156,chr12-120291903-T-A,SNV,SNV,SNV,1,n.1A>T,UKBB/AllofUs,,1,16.45,-0.310107483,-0.259358023,-0.346873402,5622,7799,8705,5834,4984,1,0.015394535,0.053190093
157,chr12-120291897-C-T,SNV,SNV,SNV,7,n.7G>A,UKBB/AllofUs,16,31,19.55,-1.122717832,-1.280485447,-0.950966676,5604,3830,8193,3612,5403,0,9.86E-18,1.00E-16
158,chr12-120291860-T-G,SNV,SNV,SNV,44,n.44A>C,UKBB/AllofUs,6,1,18.87,-1.180677828,-1.040623591,-1.306748524,5583,4506,9318,3210,6771,0,1.82E-19,2.18E-18
159,chr12-120291837-T-G,SNV,SNV,SNV,67,n.67A>C,unobserved,,,19.07,-1.53111257,-1.653231017,-1.395010582,5578,2944,7811,2531,6242,0,8.11E-32,3.12E-30
160,chr12-120291882-G-T,SNV,SNV,SNV,22,n.22C>A,UKBB/AllofUs,1,,18.99,-0.065144656,-0.085330269,-0.030975502,5576,8727,6969,5814,5529,0,0.401335432,0.637099216
161,chr12-120291842-A-C,SNV,SNV,SNV,62,n.62T>G,unobserved,,,18.94,-0.455464579,-0.636661277,-0.260284341,5548,5925,8240,5864,5542,1,0.000495463,0.002054265
162,chr12-120291860-T-C,SNV,SNV,SNV,44,n.44A>G,UKBB/AllofUs,9,7,19.41,-1.098284846,-0.867224295,-1.315361855,5534,5037,7406,2536,5266,1,4.99E-17,4.89E-16
163,chr12-120291824-T-C,SNV,SNV,SNV,80,n.80A>G,UKBB/AllofUs,4,2,16.12,-0.136880325,-0.351796303,0.092019193,5526,7190,7532,6843,6126,1,0.209202389,0.40935273
164,chr12-120291876-G-A,SNV,SNV,SNV,28,n.28C>T,UKBB/AllofUs,273,255,20.4,0.104881332,0.034584068,0.189162137,5484,9327,8728,8482,5183,0,0.858979521,0.938602478
165,chr12-120291863-G-A,SNV,SNV,SNV,41,n.41C>T,UKBB/AllofUs,59,75,19.6,0.042009063,-0.18235155,0.280353216,5463,7994,7351,7610,6507,0,0.720911353,0.859670839
166,chr12-120291839-T-C,SNV,SNV,SNV,65,n.65A>G,ReNU_syndrome,,,19.15,-0.42778494,-0.621648025,-0.219938314,5447,5878,8286,6064,5433,0,0.00104449,0.004265001
167,chr12-120291882-G-A,SNV,SNV,SNV,22,n.22C>T,UKBB/AllofUs,127,111,19.1,0.001464424,0.127448259,-0.110535869,5442,9871,7924,6256,5851,1,0.60620349,0.791146927
168,chr12-120291815-A-C,SNV,SNV,SNV,89,n.89T>G,UKBB/AllofUs,4,1,18.92,-0.123644447,-0.184116426,-0.049188926,5417,7917,8201,6756,7062,1,0.240095308,0.450910701
169,chr12-120291850-T-C,SNV,SNV,SNV,54,n.54A>G,UKBB/AllofUs,9,32,19.23,-0.034543948,-0.007919612,-0.047184743,5410,8934,8786,7248,5969,1,0.495488796,0.716131202
170,chr12-120291864-A-G,SNV,SNV,SNV,40,n.40T>C,UKBB/AllofUs,41,29,18.88,0.023838624,0.035857209,0.025803581,5374,9148,7131,6188,5430,0,0.671436028,0.827157744
171,chr12-120291871-T-A,SNV,SNV,SNV,33,n.33A>T,UKBB/AllofUs,2,,19.09,-0.149875585,-0.109318935,-0.176448694,5370,8266,7967,6009,5776,0,0.181276347,0.374409112
172,chr12-120291874-T-A,SNV,SNV,SNV,30,n.30A>T,unobserved,,,17.67,-0.253004073,-0.30082308,-0.191201524,5369,7237,7998,5971,5029,0,0.043211926,0.134631378
173,chr12-120291826-T-C,SNV,SNV,SNV,78,n.78A>G,UKBB/AllofUs,2,,19.48,-0.22001612,-0.34571892,-0.080329779,5365,7010,7477,6028,5705,0,0.072506464,0.194830623
174,chr12-120291889-C-A,SNV,SNV,SNV,15,n.15G>T,UKBB/AllofUs,,1,19.92,0.034153525,0.146818563,-0.064527972,5352,9839,8258,6731,5273,0,0.699966406,0.851652128
175,chr12-120291867-A-G,SNV,SNV,SNV,37,n.37T>C,UKBB/AllofUs,761,1118,17.66,-0.054038238,-0.208446305,0.114353371,5347,7684,9017,8320,5173,1,0.435141572,0.665420462
176,chr12-120291783-A-C,SNV,SNV,SNV,121,n.121T>G,UKBB/AllofUs,,2,18.38,-0.840736459,-0.88843037,-0.779059007,5335,4785,7188,3570,5775,0,1.52E-10,1.02E-09
177,chr12-120291763-T-G,SNV,SNV,SNV,141,n.141A>C,UKBB/AllofUs,8,8,17.3,-0.248793856,-0.258340958,-0.225263213,5327,7395,6697,4883,6896,1,0.04630909,0.141020337
178,chr12-120291876-G-T,SNV,SNV,SNV,28,n.28C>A,UKBB/AllofUs,,2,19.72,-0.247012096,-0.226219826,-0.253820825,5321,7553,8157,5831,6102,0,0.047672376,0.143927527
179,chr12-120291879-T-A,SNV,SNV,SNV,25,n.25A>T,UKBB/AllofUs,,3,19.1,0.035966139,-0.017378628,0.103294448,5306,8705,7896,7230,5654,1,0.704862051,0.85375426
180,chr12-120291851-A-C,SNV,SNV,SNV,53,n.53T>G,unobserved,,,18.88,-0.010061552,-0.329813935,0.323674373,5288,6986,8399,8960,5786,0,0.571256176,0.77311693
181,chr12-120291845-A-C,SNV,SNV,SNV,59,n.59T>G,UKBB/AllofUs,,1,18.82,-0.139445884,-0.155925326,-0.108982901,5288,7881,7980,6307,5600,1,0.203497114,0.406240536
182,chr12-120291842-A-T,SNV,SNV,SNV,62,n.62T>A,unobserved,,,18.97,-0.424232543,-0.476758766,-0.357722778,5286,6307,7302,4857,6012,0,0.001145791,0.004643468
183,chr12-120291879-T-C,SNV,SNV,SNV,25,n.25A>G,UKBB/AllofUs,1,1,18.93,-0.119215824,-0.038638876,-0.185809232,5279,8534,8183,6132,4735,0,0.250961387,0.468056012
184,chr12-120291804-T-G,SNV,SNV,SNV,100,n.100A>C,UKBB/AllofUs,,2,18.48,0.061783657,0.101133388,0.036417466,5262,9372,8607,7524,6490,0,0.770267206,0.887123983
185,chr12-120291808-A-C,SNV,SNV,SNV,96,n.96T>G,UKBB/AllofUs,9,3,18.55,-0.058965234,-0.260514589,0.156567662,5260,7291,7856,7464,6432,0,0.420070532,0.653636032
186,chr12-120291901-G-A,SNV,SNV,SNV,3,n.3C>T,UKBB/AllofUs,233,196,19.37,-0.191282874,-0.095436305,-0.273145902,5251,8161,6760,4768,4283,2,0.108722414,0.252889689
187,chr12-120291849-A-C,SNV,SNV,SNV,55,n.55T>G,UKBB/AllofUs,,5,19.12,0.168719601,0.205359258,0.146063486,5241,10034,7730,7291,6284,2,0.94219524,0.977780795
188,chr12-120291866-A-T,SNV,SNV,SNV,38,n.38T>A,unobserved,,,17.54,-0.048053751,-0.035916991,-0.046206971,5232,8474,7622,6292,5707,0,0.453572775,0.680990879
189,chr12-120291850-T-A,SNV,SNV,SNV,54,n.54A>T,UKBB/AllofUs,1,10,17.73,-0.196465184,-0.243265798,-0.135681029,5221,7324,8218,6376,5612,0,0.101374983,0.246013934
190,chr12-120291852-A-C,SNV,SNV,SNV,52,n.52T>G,UKBB/AllofUs,,1,19,-0.059589284,0.034661962,-0.139856989,5205,8853,7200,5570,5153,0,0.418169502,0.653314091
191,chr12-120291899-A-T,SNV,SNV,SNV,5,n.5T>A,unobserved,,,18.25,0.013015951,0.094214705,-0.054199262,5188,9196,8517,6992,5119,0,0.64038985,0.813281246
192,chr12-120291816-T-G,SNV,SNV,SNV,88,n.88A>C,UKBB/AllofUs,17,13,10.67,-0.225351032,-0.241109476,-0.195609048,5147,7231,7520,5597,6562,0,0.066940777,0.185031172
193,chr12-120291786-T-G,SNV,SNV,SNV,118,n.118A>C,UKBB/AllofUs,4,8,18.12,-0.712136381,-0.66848711,-0.741802111,5129,5358,7299,3720,6363,0,5.97E-08,3.35E-07
194,chr12-120291876-G-C,SNV,SNV,SNV,28,n.28C>G,UKBB/AllofUs,1,,19.27,-0.739496469,-0.529552291,-0.935457107,5124,5894,6380,2843,4663,0,1.82E-08,1.09E-07
195,chr12-120291887-T-A,SNV,SNV,SNV,17,n.17A>T,unobserved,,,18.67,0.131283242,0.110294801,0.166255225,5121,9179,7127,6817,4702,0,0.900007268,0.956812461
196,chr12-120291756-A-C,SNV,SNV,SNV,148,,,,,0.001,0.072762668,0.005924266,0.153584611,5119,8535,9005,8538,5168,2,0.795406997,0.900681452
197,chr12-120291839-T-G,SNV,SNV,SNV,65,n.65A>C,unobserved,,,19.21,-0.288605303,-0.438888663,-0.124338401,5118,6269,7325,5728,5730,0,0.023177706,0.077288526
198,chr12-120291901-G-T,SNV,SNV,SNV,3,n.3C>A,UKBB/AllofUs,1,3,18.89,-0.100050563,0.027306497,-0.213424082,5088,8610,8080,5940,5521,1,0.300820505,0.531613942
199,chr12-120291900-A-T,SNV,SNV,SNV,4,n.4T>A,unobserved,,,17.98,0.161870298,0.22371934,0.114004797,5086,9862,7043,6497,4588,0,0.935753357,0.977780795
200,chr12-120291855-G-C,SNV,SNV,SNV,49,n.49C>G,UKBB/AllofUs,12,3,19.89,-0.386253648,-0.020587913,-0.737935841,5071,8301,6444,3293,6170,0,0.002948311,0.011270494
201,chr12-120291815-A-T,SNV,SNV,SNV,89,n.89T>A,UKBB/AllofUs,,1,18.75,0.093122524,-0.009354041,0.209582629,5065,8356,7327,7222,6400,0,0.837458508,0.927967153
202,chr12-120291828-G-C,SNV,SNV,SNV,76,n.76C>G,UKBB/AllofUs,,1,19.18,-0.428967509,-0.798076365,-0.045875111,5054,4826,7068,5836,6203,0,0.001012635,0.004166489
203,chr12-120291888-G-C,SNV,SNV,SNV,16,n.16C>G,UKBB/AllofUs,1,8,19.35,0.038834589,0.037910239,0.05374248,5039,8590,7539,6670,4883,0,0.712533274,0.857266595
204,chr12-120291871-T-C,SNV,SNV,SNV,33,n.33A>G,UKBB/AllofUs,5,2,19.33,-0.401414131,-0.633009523,-0.155835198,5024,5379,7075,5413,4482,1,0.002041502,0.008090954
205,chr12-120291797-A-G,SNV,SNV,SNV,107,n.107T>C,UKBB/AllofUs,209,67,18.56,-0.306918693,-0.231226764,-0.368627082,5015,7094,6388,4217,5856,0,0.016383519,0.056246602
206,chr12-120291859-C-A,SNV,SNV,SNV,45,n.45G>T,UKBB/AllofUs,,4,19.86,-1.08589075,-1.063673113,-1.094124845,5012,3981,7217,2881,6997,0,1.12E-16,1.06E-15
207,chr12-120291838-T-G,SNV,SNV,SNV,66,n.66A>C,unobserved,,,19.1,-0.380698371,-0.594933951,-0.15247925,4995,5491,7039,5398,5361,0,0.003362512,0.012763337
208,chr12-120291754-A-C,SNV,SNV,SNV,150,,,,,0.003,0.170845887,0.442672158,-0.086996843,4983,11246,9544,7659,5744,2,0.944088251,0.977780795
209,chr12-120291894-G-C,SNV,SNV,SNV,10,n.10C>G,UKBB/AllofUs,2,3,19.07,-0.71789724,-0.796939053,-0.624871885,4982,4761,7192,3975,5258,0,4.67E-08,2.68E-07
210,chr12-120291878-C-T,SNV,SNV,SNV,26,n.26G>A,UKBB/AllofUs,34,41,19.73,-0.317884501,-0.252330563,-0.369454898,4977,6938,7933,5234,5015,2,0.013195031,0.047100142
211,chr12-120291825-A-C,SNV,SNV,SNV,79,n.79T>G,unobserved,,,18.89,-0.082272646,-0.169220535,0.018658785,4976,7348,8189,7071,5677,1,0.350699214,0.588868774
212,chr12-120291890-C-A,SNV,SNV,SNV,14,n.14G>T,UKBB/AllofUs,,3,19.79,-0.127426555,-0.114316499,-0.126553069,4974,7630,7878,6151,5639,0,0.231022424,0.443135539
213,chr12-120291776-T-A,SNV,SNV,SNV,128,n.128A>T,UKBB/AllofUs,2,1,15.38,-0.135883657,-0.05207719,-0.205706582,4965,7952,7424,5487,6782,0,0.211443926,0.409910099
214,chr12-120291812-G-T,SNV,SNV,SNV,92,n.92C>A,UKBB/AllofUs,11,5,19.59,-0.051953348,-0.088916805,-0.001006351,4957,7739,6659,5672,6495,0,0.441548789,0.666652093
215,chr12-120291776-T-G,SNV,SNV,SNV,128,n.128A>C,UKBB/AllofUs,12,2,15.5,-0.017492598,-0.177759259,0.156757605,4949,7265,7072,6720,5959,1,0.548406241,0.755849513
216,chr12-120291799-T-G,SNV,SNV,SNV,105,n.105A>C,UKBB/AllofUs,2,2,18.27,-0.083248222,-0.012485597,-0.140027307,4946,8142,7281,5632,5622,0,0.347883954,0.585967034
217,chr12-120291764-C-G,SNV,SNV,SNV,140,n.140G>C,UKBB/AllofUs,3,4,18.23,-0.569056188,-0.476720237,-0.647408599,4902,5849,6335,3447,6944,0,1.47E-05,6.87E-05
218,chr12-120291856-C-A,SNV,SNV,SNV,48,n.48G>T,unobserved,,,20.6,-0.256515232,-0.215386214,-0.283660708,4891,6995,6888,4823,6479,1,0.040758887,0.128473919
219,chr12-120291881-C-T,SNV,SNV,SNV,23,n.23G>A,UKBB/AllofUs,128,116,21.6,-0.137420345,-0.024259046,-0.236598103,4872,7955,7188,5200,4829,0,0.207993734,0.409155557
220,chr12-120291832-A-G,SNV,SNV,SNV,72,n.72T>C,UKBB/AllofUs,2,2,19.34,0.045473946,0.18343055,-0.078499116,4871,9185,7304,5896,5239,2,0.729918185,0.863417612
221,chr12-120291826-T-G,SNV,SNV,SNV,78,n.78A>C,ReNU_syndrome,,,18.89,-1.219144096,-1.152273056,-1.272031595,4865,3634,7422,2619,5686,0,1.15E-20,1.55E-19
222,chr12-120291889-C-G,SNV,SNV,SNV,15,n.15G>C,UKBB/AllofUs,,2,19.5,-0.22622029,-0.407191151,-0.031265889,4859,6084,7185,5993,5944,0,0.066066093,0.184505825
223,chr12-120291819-C-G,SNV,SNV,SNV,85,n.85G>C,UKBB/AllofUs,3,,20.6,-0.003130945,-0.043466834,0.051188486,4856,7824,5880,5193,7695,0,0.592355693,0.779304852
224,chr12-120291883-A-T,SNV,SNV,SNV,21,n.21T>A,unobserved,,,18.88,0.130907078,-0.013426189,0.289223886,4855,7987,7040,7333,4779,0,0.899491621,0.956812461
225,chr12-120291882-G-C,SNV,SNV,SNV,22,n.22C>G,UKBB/AllofUs,7,26,18.75,-0.091732696,-0.220107271,0.050625419,4846,6908,7510,6630,5302,1,0.323767105,0.559263002
226,chr12-120291824-T-G,SNV,SNV,SNV,80,n.80A>C,UKBB/AllofUs,1,,16.09,-0.160181272,-0.184976904,-0.121402098,4841,7071,7305,5724,5680,0,0.160876519,0.345677459
227,chr12-120291848-A-G,SNV,SNV,SNV,56,n.56T>C,unobserved,,,19.04,-0.262489764,-0.476299669,-0.034696318,4826,5760,7267,6047,5107,0,0.036845416,0.116821644
228,chr12-120291883-A-C,SNV,SNV,SNV,21,n.21T>G,UKBB/AllofUs,1,1,18.97,-0.089488751,-0.19900071,0.03400675,4824,6978,6929,6047,5021,0,0.330078988,0.563014476
229,chr12-120291758-T-C,SNV,SNV,SNV,146,,,,,0.035,-0.080552326,-0.256185578,0.109064467,4822,6704,7623,7008,5944,0,0.355683556,0.593540051
230,chr12-120291891-A-C,SNV,SNV,SNV,13,n.13T>G,UKBB/AllofUs,9,17,19.25,-0.181181786,-0.185232827,-0.163147204,4822,7042,7530,5732,4333,1,0.124127933,0.27877065
231,chr12-120291785-T-C,SNV,SNV,SNV,119,n.119A>G,UKBB/AllofUs,24,31,18.4,-0.686187398,-0.618157277,-0.740233978,4820,5214,6419,3275,6034,1,1.77E-07,9.42E-07
232,chr12-120291865-T-A,SNV,SNV,SNV,39,n.39A>T,UKBB/AllofUs,50,39,18.78,-0.188421106,-0.171487558,-0.191371113,4819,7105,8441,6301,5334,0,0.112940279,0.261265281
233,chr12-120291800-A-C,SNV,SNV,SNV,104,n.104T>G,UKBB/AllofUs,26,25,14.71,0.054503222,0.215495935,-0.09250595,4808,9270,8451,6756,5874,0,0.752685179,0.872066036
234,chr12-120291841-A-C,SNV,SNV,SNV,63,n.63T>G,ReNU_syndrome,,,19,-0.898960426,-1.016969352,-0.766967959,4806,3943,6032,3021,5330,0,7.35E-12,5.28E-11
235,chr12-120291801-T-G,SNV,SNV,SNV,103,n.103A>C,UKBB/AllofUs,,1,18.3,0.171936369,0.276890464,0.080965815,4804,9665,7367,6642,6013,0,0.945039942,0.977780795
236,chr12-120291812-G-C,SNV,SNV,SNV,92,n.92C>G,UKBB/AllofUs,23,35,19.93,-0.080814035,-0.103107319,-0.04453721,4799,7419,7007,5791,6516,0,0.354923678,0.593540051
237,chr12-120291803-T-G,SNV,SNV,SNV,101,n.101A>C,unobserved,,,18.25,0.018727852,-0.193594785,0.245034029,4797,6965,7848,7928,6768,0,0.656906469,0.823480802
238,chr12-120291821-G-T,SNV,SNV,SNV,83,n.83C>A,UKBB/AllofUs,,3,19.41,-0.246850201,-0.176653399,-0.303063462,4790,7037,6466,4467,6924,0,0.047797825,0.143927527
239,chr12-120291868-A-G,SNV,SNV,SNV,36,n.36T>C,UKBB/AllofUs,11,14,18.99,-0.014420131,0.014263467,-0.029120188,4777,8011,7470,6240,4504,0,0.557877769,0.761255993
240,chr12-120291762-G-C,SNV,SNV,SNV,142,n.142C>G,UKBB/AllofUs,3,4,19.51,-0.501583285,-0.645221517,-0.343961512,4770,5064,6442,4326,6498,0,0.000129767,0.000582871
241,chr12-120291761-A-C,SNV,SNV,SNV,143,n.143T>G,UKBB/AllofUs,,3,18.21,0.021875004,0.345713598,-0.28798005,4765,10055,8447,5897,6301,0,0.665882717,0.827136095
242,chr12-120291859-C-T,SNV,SNV,SNV,45,n.45G>A,UKBB/AllofUs,13,16,19.8,-0.476520707,-0.27899155,-0.660066322,4760,6514,7796,4205,6268,1,0.000272851,0.001205463
243,chr12-120291856-C-T,SNV,SNV,SNV,48,n.48G>A,UKBB/AllofUs,2,3,20.8,-0.284032883,-0.267052361,-0.287029865,4757,6564,7355,5138,6747,0,0.025203557,0.082705433
244,chr12-120291753-A-C,SNV,SNV,SNV,151,,,,,0.001,0.099381183,0.198657584,0.014088323,4749,9050,9357,8054,4545,1,0.84916597,0.935992757
245,chr12-120291829-G-C,SNV,SNV,SNV,75,n.75C>G,ReNU_syndrome,,,19.71,-0.836470383,-0.743396347,-0.915560878,4745,4706,6463,2920,5891,0,1.88E-10,1.24E-09
246,chr12-120291813-T-G,SNV,SNV,SNV,91,n.91A>C,UKBB/AllofUs,12,1,18.86,-0.229211086,-0.288663985,-0.155774647,4742,6446,7093,5427,6350,0,0.063124157,0.178135711
247,chr12-120291853-T-C,SNV,SNV,SNV,51,n.51A>G,UKBB/AllofUs,79,102,19.47,0.361219759,0.46764437,0.26877869,4725,10850,6491,6666,4635,0,0.998945134,0.999151921
248,chr12-120291836-T-C,SNV,SNV,SNV,68,n.68A>G,UKBB/AllofUs,,1,19.18,-1.068313455,-1.151527452,-0.971115916,4722,3529,7593,3301,5050,0,3.48E-16,3.18E-15
249,chr12-120291834-A-G,SNV,SNV,SNV,70,n.70T>C,ReNU_syndrome,,,19.19,-1.78128297,-1.711169979,-1.83741242,4722,2394,7730,1843,5432,0,1.33E-42,1.19E-40
250,chr12-120291881-C-A,SNV,SNV,SNV,23,n.23G>T,UKBB/AllofUs,1,,19.88,0.018743487,0.046930331,0.004540185,4719,8095,6934,5929,4718,0,0.656951289,0.823480802
251,chr12-120291839-T-A,SNV,SNV,SNV,65,n.65A>T,unobserved,,,19.69,-0.347833523,-0.499000511,-0.182682994,4717,5542,7144,5365,6300,0,0.007065304,0.025906114
252,chr12-120291864-A-T,SNV,SNV,SNV,40,n.40T>A,UKBB/AllofUs,2,,18.79,-0.185240332,-0.106414453,-0.250082669,4716,7274,7229,5181,6021,0,0.117763912,0.268960798
253,chr12-120291820-G-C,SNV,SNV,SNV,84,n.84C>G,UKBB/AllofUs,9,4,19.56,-0.04636916,-0.05169643,-0.027058349,4704,7536,6356,5317,6916,0,0.458780885,0.682974655
254,chr12-120291863-G-T,SNV,SNV,SNV,41,n.41C>A,UKBB/AllofUs,6,2,19.51,-0.196191805,-0.141729632,-0.236670436,4700,7074,6576,4757,5355,0,0.101753306,0.246013934
255,chr12-120291899-A-C,SNV,SNV,SNV,5,n.5T>G,UKBB/AllofUs,,7,18.43,-0.203153861,-0.10736631,-0.28495787,4699,7243,6534,4571,3696,0,0.092435537,0.23281661
256,chr12-120291784-A-G,SNV,SNV,SNV,120,n.120T>C,UKBB/AllofUs,8,3,18.19,-1.154290719,-1.132964872,-1.161633026,4692,3552,7072,2694,6923,0,1.15E-18,1.29E-17
257,chr12-120291865-T-C,SNV,SNV,SNV,39,n.39A>G,UKBB/AllofUs,47,12,19.03,-0.064180536,-0.140074577,0.025697045,4682,7055,6931,6014,4419,2,0.404244772,0.637099216
258,chr12-120291825-A-G,SNV,SNV,SNV,79,n.79T>C,unobserved,,,19.05,-0.234156608,-0.464249039,0.009919363,4677,5629,7556,6485,5917,0,0.058484488,0.167676272
259,chr12-120291867-A-T,SNV,SNV,SNV,37,n.37T>A,UKBB/AllofUs,1,4,17.75,0.064436973,-0.027544134,0.170401622,4675,7616,6725,6451,4961,0,0.776496474,0.891800988
260,chr12-120291805-T-G,SNV,SNV,SNV,99,n.99A>C,UKBB/AllofUs,24,31,16.69,0.025180083,0.143005072,-0.078661365,4674,8570,6922,5587,5320,0,0.675208244,0.829014222
261,chr12-120291852-A-T,SNV,SNV,SNV,52,n.52T>A,UKBB/AllofUs,1,1,18.83,-0.010347542,0.047427827,-0.05413937,4669,8012,7608,6246,5293,0,0.570380677,0.77311693
262,chr12-120291869-C-A,SNV,SNV,SNV,35,n.35G>T,UKBB/AllofUs,3,1,19.91,-0.243282937,-0.333870402,-0.138711932,4666,6147,6626,5130,4580,0,0.050629673,0.149122371
263,chr12-120291841-A-G,SNV,SNV,SNV,63,n.63T>C,ReNU_syndrome,,,19.22,-0.547363977,-0.505121291,-0.575623122,4655,5446,7601,4347,5158,0,3.04E-05,0.000140097
264,chr12-120291837-T-C,SNV,SNV,SNV,67,n.67A>G,ReNU_syndrome,,,19.11,-1.225014702,-1.249079755,-1.186966108,4653,3250,7427,2780,4833,0,7.50E-21,1.06E-19
265,chr12-120291877-G-A,SNV,SNV,SNV,27,n.27C>T,UKBB/AllofUs,233,419,20.2,-0.143494207,-0.094483666,-0.178521206,4645,7224,7693,5794,5125,0,0.194685618,0.394494541
266,chr12-120291791-A-C,SNV,SNV,SNV,113,n.113T>G,UKBB/AllofUs,50,6,15.45,0.107437051,0.189425381,0.039432261,4639,8784,8000,7008,5322,2,0.863388811,0.940090113
267,chr12-120291866-A-C,SNV,SNV,SNV,38,n.38T>G,UKBB/AllofUs,5,15,18.64,0.174160984,-0.097183546,0.459489054,4626,7181,5775,6769,5531,0,0.946941697,0.977780795
268,chr12-120291790-A-C,SNV,SNV,SNV,114,n.114T>G,UKBB/AllofUs,1,3,18.39,-0.088824304,-0.257785473,0.094120406,4625,6423,6855,6237,5222,0,0.331957401,0.564432301
269,chr12-120291866-A-G,SNV,SNV,SNV,38,n.38T>C,UKBB/AllofUs,36,7,18.91,0.003974375,0.095745239,-0.073812948,4611,8182,7184,5818,5050,1,0.613711909,0.795169998
270,chr12-120291895-C-G,SNV,SNV,SNV,9,n.9G>C,UKBB/AllofUs,14,12,19.41,-0.955004566,-0.96496103,-0.931064562,4597,3910,7441,3326,5151,3,3.29E-13,2.69E-12
271,chr12-120291811-C-T,SNV,SNV,SNV,93,n.93G>A,UKBB/AllofUs,113,195,20.5,0.041559132,-0.233469137,0.330570942,4593,6487,6244,6693,6083,0,0.719731148,0.859670839
272,chr12-120291868-A-C,SNV,SNV,SNV,36,n.36T>G,UKBB/AllofUs,4,3,17.88,-0.106550754,-0.098402671,-0.100715296,4588,7116,7518,5976,4769,0,0.283416468,0.514348406
273,chr12-120291869-C-G,SNV,SNV,SNV,35,n.35G>C,UKBB/AllofUs,6,,19.53,-0.255048991,-0.215661676,-0.280452764,4587,6559,7199,5052,5652,0,0.041769163,0.1308929
274,chr12-120291885-A-T,SNV,SNV,SNV,19,n.19T>A,UKBB/AllofUs,1,1,18.89,-0.076720745,-0.082367313,-0.057090635,4580,7183,8279,6783,4314,0,0.3668729,0.6065782
275,chr12-120291790-A-G,SNV,SNV,SNV,114,n.114T>C,UKBB/AllofUs,8,14,18.5,0.040851232,-0.018341755,0.114027761,4580,7509,6554,6046,5363,0,0.717869392,0.859670839
276,chr12-120291835-G-A,SNV,SNV,SNV,69,n.69C>T,ReNU_syndrome,,,20.4,-1.45824617,-1.315192676,-1.587316124,4570,3049,6704,1901,6034,0,5.52E-29,1.42E-27
277,chr12-120291844-T-G,SNV,SNV,SNV,60,n.60A>C,UKBB/AllofUs,1,4,18.8,-0.232857497,-0.363389348,-0.088342106,4568,5896,7132,5718,6229,0,0.059676509,0.170188561
278,chr12-120291853-T-G,SNV,SNV,SNV,51,n.51A>C,UKBB/AllofUs,2,,19.5,-0.135557808,-0.32438413,0.067252056,4560,6047,6321,5645,4663,0,0.21217981,0.409910099
279,chr12-120291888-G-T,SNV,SNV,SNV,16,n.16C>A,UKBB/AllofUs,,5,19.2,-0.074918976,-0.193617236,0.057762824,4556,6615,6977,6190,5059,0,0.372174639,0.609903962
280,chr12-120291816-T-A,SNV,SNV,SNV,88,n.88A>T,UKBB/AllofUs,9,4,9.951,-0.198373298,-0.212427404,-0.170335651,4553,6525,5722,4334,5982,1,0.098762892,0.241969086
281,chr12-120291778-T-G,SNV,SNV,SNV,126,n.126A>C,UKBB/AllofUs,2,13,18.13,0.002635781,-0.116530078,0.13578518,4552,6972,6757,6328,5217,0,0.609712658,0.793804644
282,chr12-120291792-T-G,SNV,SNV,SNV,112,n.112A>C,UKBB/AllofUs,17,33,17.11,-0.15083057,-0.342755186,0.055077587,4552,5960,6990,6190,6013,0,0.179320571,0.373180647
283,chr12-120291823-G-C,SNV,SNV,SNV,81,n.81C>G,UKBB/AllofUs,,3,19.5,-0.170410685,-0.179224821,-0.147613009,4551,6674,6706,5160,6060,0,0.142170771,0.312775697
284,chr12-120291896-G-C,SNV,SNV,SNV,8,n.8C>G,UKBB/AllofUs,8,13,19.67,-1.313818936,-1.466662443,-1.146991887,4550,2733,6203,2387,4493,0,8.83E-24,1.44E-22
285,chr12-120291810-T-G,SNV,SNV,SNV,94,n.94A>C,UKBB/AllofUs,200,277,18.59,0.005995868,-0.026226903,0.05220218,4545,7411,6445,5696,5867,0,0.619728466,0.801039912
286,chr12-120291809-G-A,SNV,SNV,SNV,95,n.95C>T,UKBB/AllofUs,92,136,18.64,0.043593611,0.066690944,0.03447982,4530,7878,6669,5822,6672,1,0.725048406,0.862695565
287,chr12-120291823-G-A,SNV,SNV,SNV,81,n.81C>T,UKBB/AllofUs,100,138,19.9,0.021845844,-0.14493845,0.202613679,4530,6803,6184,6066,6847,1,0.665799973,0.827136095
288,chr12-120291793-G-C,SNV,SNV,SNV,111,n.111C>G,unobserved,,,19.52,-0.043180247,-0.136692643,0.06431569,4530,6842,6289,5605,5966,0,0.468658453,0.692550526
289,chr12-120291843-T-C,SNV,SNV,SNV,61,n.61A>G,UKBB/AllofUs,42,67,19.55,0.114812905,-0.008746044,0.252355395,4526,7470,6130,6224,4801,0,0.875581554,0.945768452
290,chr12-120291856-C-G,SNV,SNV,SNV,48,n.48G>C,unobserved,,,20.6,0.109474869,0.181533613,0.051399667,4520,8512,6375,5631,6433,0,0.866836338,0.940090113
291,chr12-120291802-A-G,SNV,SNV,SNV,102,n.102T>C,UKBB/AllofUs,305,564,18.64,-0.160130024,-0.050224856,-0.256051652,4509,7231,6452,4605,5553,0,0.160974104,0.345677459
292,chr12-120291805-T-C,SNV,SNV,SNV,99,n.99A>G,UKBB/AllofUs,55,45,16.7,-0.043076121,0.099582868,-0.171751569,4506,8017,6317,4780,5225,0,0.46898134,0.692550526
293,chr12-120291810-T-C,SNV,SNV,SNV,94,n.94A>G,UKBB/AllofUs,49,32,18.89,-0.053220668,0.068801787,-0.161259582,4505,7846,6203,4728,5252,0,0.437652168,0.665420462
294,chr12-120291803-T-C,SNV,SNV,SNV,101,n.101A>G,UKBB/AllofUs,9,15,18.53,-0.052743678,0.121763768,-0.213267583,4502,8134,6224,4576,5656,0,0.439118079,0.665420462
295,chr12-120291874-T-G,SNV,SNV,SNV,30,n.30A>C,UKBB/AllofUs,8,58,17.49,-0.472535543,-0.493520553,-0.437566993,4499,5306,7457,4693,4680,0,0.000306059,0.001341185
296,chr12-120291843-T-A,SNV,SNV,SNV,61,n.61A>T,UKBB/AllofUs,3,,19.07,0.289606945,0.176082886,0.417114546,4495,8433,6759,7693,6178,0,0.994065104,0.999151921
297,chr12-120291755-A-C,SNV,SNV,SNV,149,,,,,0.031,0.160625293,0.197243119,0.137991007,4491,8550,8283,7769,5625,0,0.93452465,0.977780795
298,chr12-120291853-T-A,SNV,SNV,SNV,51,n.51A>T,UKBB/AllofUs,3,,19.45,0.003374523,-0.037963242,0.058695828,4490,7262,7690,6827,5520,0,0.611921226,0.794760339
299,chr12-120291827-T-G,SNV,SNV,SNV,77,n.77A>C,unobserved,,,18.99,-0.183278462,-0.155142729,-0.197430653,4479,6679,6378,4741,4881,0,0.120810804,0.273600939
300,chr12-120291802-A-T,SNV,SNV,SNV,102,n.102T>A,UKBB/AllofUs,1,,16.99,-0.219152109,-0.104315853,-0.320004824,4467,6900,6084,4154,5243,0,0.07344028,0.195961935
301,chr12-120291824-T-A,SNV,SNV,SNV,80,n.80A>T,UKBB/AllofUs,1,1,15.91,-0.105384283,-0.183936313,-0.012848712,4466,6528,6373,5384,6046,0,0.286503866,0.518206657
302,chr12-120291754-A-G,SNV,SNV,SNV,150,,,,,0.003,-0.182572391,-0.214464814,-0.136696427,4463,6387,5968,4627,5742,0,0.121920832,0.274959533
303,chr12-120291828-G-A,SNV,SNV,SNV,76,n.76C>T,ReNU_syndrome,,,19.6,-0.46976856,-0.458507106,-0.467046472,4454,5382,5905,3641,6488,0,0.000331288,0.001417177
304,chr12-120291765-T-C,SNV,SNV,SNV,139,n.139A>G,UKBB/AllofUs,15,15,18.32,-0.280938748,-0.166201289,-0.381692667,4454,6591,6842,4476,5847,1,0.026656991,0.086554928
305,chr12-120291801-T-C,SNV,SNV,SNV,103,n.103A>G,UKBB/AllofUs,18,40,18.81,-0.245686774,-0.072712702,-0.404677304,4450,7026,6955,4478,5818,0,0.048707125,0.144248024
306,chr12-120291830-G-A,SNV,SNV,SNV,74,n.74C>T,UKBB/AllofUs,,2,20.2,-0.153583974,-0.076526711,-0.216657696,4444,6998,6270,4599,5412,0,0.173756329,0.36583852
307,chr12-120291860-T-A,SNV,SNV,SNV,44,n.44A>T,unobserved,,,18.93,-1.352514635,-1.339190133,-1.351855596,4444,2916,6398,2136,5660,0,4.03E-25,7.49E-24
308,chr12-120291799-T-A,SNV,SNV,SNV,105,n.105A>T,UKBB/AllofUs,1,,18.31,0.118036668,0.115096401,0.134960477,4440,7985,7216,6754,6053,0,0.880664219,0.946413416
309,chr12-120291792-T-C,SNV,SNV,SNV,112,n.112A>G,UKBB/AllofUs,132,246,17.43,0.29996914,0.156384405,0.457537417,4439,8215,7160,8381,5909,0,0.995294926,0.999151921
310,chr12-120291799-T-C,SNV,SNV,SNV,105,n.105A>G,UKBB/AllofUs,67,97,18.57,-0.001356121,0.006578087,0.004693213,4438,7403,5730,4900,5093,1,0.597718706,0.783869544
311,chr12-120291791-A-G,SNV,SNV,SNV,113,n.113T>C,UKBB/AllofUs,9,6,15.95,-0.019704722,-0.092901131,0.067475227,4435,6905,6376,5695,5978,0,0.541569477,0.752334918
312,chr12-120291808-A-G,SNV,SNV,SNV,96,n.96T>C,UKBB/AllofUs,3,2,18.73,0.013375496,0.139097808,-0.098363275,4434,8108,6501,5176,5401,0,0.641437677,0.813281246
313,chr12-120291821-G-A,SNV,SNV,SNV,83,n.83C>T,UKBB/AllofUs,16,20,19.69,0.12338462,0.234273968,0.026478812,4434,8661,6584,5716,7437,0,0.888769451,0.952379194
314,chr12-120291804-T-C,SNV,SNV,SNV,100,n.100A>G,UKBB/AllofUs,39,16,18.7,0.06678109,0.155423934,-0.007878213,4416,8167,6344,5378,5720,0,0.781918972,0.892911708
315,chr12-120291833-A-T,SNV,SNV,SNV,71,n.71T>A,UKBB/AllofUs,1,2,19.08,-0.126156947,0.124109392,-0.362439745,4414,7988,7433,4928,6261,0,0.234046558,0.444193995
316,chr12-120291858-C-G,SNV,SNV,SNV,46,n.46G>C,UKBB/AllofUs,9,1,19.58,-0.61162196,-0.803239397,-0.406020981,4410,4196,6377,4102,7260,0,3.23E-06,1.63E-05
317,chr12-120291815-A-G,SNV,SNV,SNV,89,n.89T>C,UKBB/AllofUs,8,7,19.17,-0.096155976,-0.033021932,-0.14530648,4397,7136,6585,5075,6015,0,0.311473753,0.543315058
318,chr12-120291822-G-A,SNV,SNV,SNV,82,n.82C>T,UKBB/AllofUs,31,32,19.81,-0.097461743,0.101945157,-0.282885103,4392,7827,5614,3933,6730,1,0.307883734,0.540297971
319,chr12-120291765-T-A,SNV,SNV,SNV,139,n.139A>T,UKBB/AllofUs,1,1,18.12,-0.296763895,-0.411471766,-0.168072483,4388,5478,6293,4774,6314,0,0.019903188,0.067048863
320,chr12-120291755-A-G,SNV,SNV,SNV,149,,,,,0.034,-0.207238475,-0.083877829,-0.31661558,4385,6870,6397,4378,5945,0,0.087271243,0.224441479
321,chr12-120291896-G-T,SNV,SNV,SNV,8,n.8C>A,UKBB/AllofUs,3,2,19.54,-1.444748049,-1.534483324,-1.341029232,4373,2506,6261,2106,4796,0,1.78E-28,4.32E-27
322,chr12-120291818-G-A,SNV,SNV,SNV,86,n.86C>T,UKBB/AllofUs,149,214,20.1,-0.10425211,-0.264134469,0.069613791,4372,6045,6257,5597,7078,0,0.28951566,0.521902811
323,chr12-120291808-A-T,SNV,SNV,SNV,96,n.96T>A,UKBB/AllofUs,6,1,18.45,-0.215677684,-0.311338363,-0.106033465,4362,5837,5970,4728,5294,1,0.077288463,0.202225638
324,chr12-120291855-G-T,SNV,SNV,SNV,49,n.49C>A,UKBB/AllofUs,2,1,20.2,0.156329489,-0.166870719,0.493513238,4356,6443,6422,7707,5807,0,0.930144821,0.977780795
325,chr12-120291843-T-G,SNV,SNV,SNV,61,n.61A>C,UKBB/AllofUs,6,5,19.09,0.091370514,0.210146019,-0.013421451,4350,8356,5684,4800,5186,1,0.834077996,0.927967153
326,chr12-120291802-A-C,SNV,SNV,SNV,102,n.102T>G,UKBB/AllofUs,1,1,18.4,0.055020185,0.007462047,0.116561864,4349,7259,7274,6722,5865,1,0.753956907,0.872066036
327,chr12-120291822-G-C,SNV,SNV,SNV,82,n.82C>G,UKBB/AllofUs,,2,19.58,-0.101332603,-0.022142586,-0.166539079,4345,7105,6364,4833,6039,0,0.297349922,0.527209236
328,chr12-120291756-A-G,SNV,SNV,SNV,148,,,,,0.001,0.048817824,0.063091309,0.04852788,4343,7534,6272,5529,5765,0,0.738470351,0.863417612
329,chr12-120291857-G-A,SNV,SNV,SNV,47,n.47C>T,UKBB/AllofUs,17,13,20.9,0.016273924,0.149578511,-0.103047121,4340,7994,7384,5860,6705,0,0.649845141,0.818379745
330,chr12-120291767-C-A,SNV,SNV,SNV,137,n.137G>T,unobserved,,,19.13,-0.000101464,0.111820728,-0.098040114,4318,7748,7322,5831,4721,0,0.60149892,0.786912423
331,chr12-120291807-A-T,SNV,SNV,SNV,97,n.97T>A,UKBB/AllofUs,2,,18.79,0.088159334,0.08124753,0.109054679,4316,7582,5887,5412,5080,0,0.827764936,0.925708487
332,chr12-120291881-C-G,SNV,SNV,SNV,23,n.23G>C,UKBB/AllofUs,3,1,19.69,-0.086097947,-0.099612117,-0.058600236,4315,6687,7017,5743,5810,0,0.339708776,0.57399069
333,chr12-120291851-A-G,SNV,SNV,SNV,53,n.53T>C,UKBB/AllofUs,2,,19.04,0.047106063,0.093286371,0.014909295,4314,7642,7754,6678,5574,0,0.734109843,0.863417612
334,chr12-120291786-T-C,SNV,SNV,SNV,118,n.118A>G,UKBB/AllofUs,24,52,18.29,-0.843591937,-0.75679431,-0.916406023,4313,4238,6562,2963,6215,0,1.31E-10,8.97E-10
335,chr12-120291838-T-C,SNV,SNV,SNV,66,n.66A>G,ReNU_syndrome,,1,19.27,-1.316481574,-1.221083327,-1.39789628,4301,3063,6825,2207,4715,0,7.16E-24,1.21E-22
336,chr12-120291769-T-C,SNV,SNV,SNV,135,n.135A>G,UKBB/AllofUs,35,57,16.83,0.012393911,-0.022229161,0.061000524,4300,7031,6913,6147,6226,0,0.638574542,0.813281246
337,chr12-120291885-A-C,SNV,SNV,SNV,19,n.19T>G,UKBB/AllofUs,1,,18.87,0.255195124,0.10283342,0.42154037,4299,7666,6218,7099,4007,0,0.987702145,0.999151921
338,chr12-120291821-G-C,SNV,SNV,SNV,83,n.83C>G,UKBB/AllofUs,,2,19.47,-0.005363283,-0.064925908,0.068182883,4295,6818,6139,5486,5857,2,0.585585663,0.776916456
339,chr12-120291834-A-C,SNV,SNV,SNV,70,n.70T>G,unobserved,,,19.18,-0.807280078,-0.728118951,-0.872457663,4271,4281,6451,3003,4943,0,7.90E-10,5.01E-09
340,chr12-120291819-C-T,SNV,SNV,SNV,85,n.85G>A,UKBB/AllofUs,9,21,21,-0.185301412,-0.177875184,-0.178744098,4264,6259,6681,5031,7606,0,0.117669932,0.268960798
341,chr12-120291765-T-G,SNV,SNV,SNV,139,n.139A>C,UKBB/AllofUs,4,2,17.51,-0.192124823,0.003983317,-0.374249422,4261,7095,6048,3977,5627,0,0.107503338,0.252889689
342,chr12-120291805-T-A,SNV,SNV,SNV,99,n.99A>T,UKBB/AllofUs,4,1,16.97,0.065764429,-0.092534709,0.238047108,4247,6614,6588,6623,5665,0,0.779576561,0.892126893
343,chr12-120291861-C-G,SNV,SNV,SNV,43,n.43G>C,UKBB/AllofUs,1,4,20.2,-0.461609472,-0.567774853,-0.341460549,4243,4753,6523,4388,5828,0,0.000417386,0.001757585
344,chr12-120291825-A-T,SNV,SNV,SNV,79,n.79T>A,unobserved,,,18.77,-0.03297026,-0.008757892,-0.043199087,4237,6993,7096,5870,5655,0,0.500383537,0.716131202
345,chr12-120291771-G-C,SNV,SNV,SNV,133,n.133C>G,UKBB/AllofUs,14,26,18.89,0.233652088,-0.057171443,0.53845916,4235,6759,5788,7166,6592,0,0.981224841,0.998078856
346,chr12-120291833-A-G,SNV,SNV,SNV,71,n.71T>C,UKBB/AllofUs,,4,19.11,0.074859497,-0.001696464,0.165398999,4235,7024,6899,6595,5338,0,0.800015117,0.902109097
347,chr12-120291763-T-A,SNV,SNV,SNV,141,n.141A>T,UKBB/AllofUs,1,5,17.64,-0.157024464,-0.457815463,0.157750076,4231,5115,6311,6001,6650,0,0.166959738,0.355696833
348,chr12-120291854-C-A,SNV,SNV,SNV,50,n.50G>T,UKBB/AllofUs,7,7,20.5,-0.065053214,-0.035784775,-0.080338112,4227,6847,7322,5903,6418,0,0.401611137,0.637099216
349,chr12-120291873-A-T,SNV,SNV,SNV,31,n.31T>A,UKBB/AllofUs,5,4,18.82,-0.387684095,-0.63320842,-0.128176228,4226,4524,6447,5028,4124,0,0.002849387,0.01097014
350,chr12-120291858-C-T,SNV,SNV,SNV,46,n.46G>A,UKBB/AllofUs,3,2,20.2,-0.399769531,-0.318162539,-0.467392982,4225,5627,6612,4076,6482,2,0.00212587,0.008363826
351,chr12-120291892-C-G,SNV,SNV,SNV,12,n.12G>C,UKBB/AllofUs,3,11,19.63,-0.216795113,-0.245235057,-0.174371629,4218,5909,5836,4408,4906,1,0.076034466,0.200894986
352,chr12-120291811-C-A,SNV,SNV,SNV,93,n.93G>T,UKBB/AllofUs,9,5,20.1,-0.078088117,-0.116845094,-0.025347599,4216,6456,5176,4335,7173,0,0.362866197,0.603657037
353,chr12-120291783-A-T,SNV,SNV,SNV,121,n.121T>A,UKBB/AllofUs,,3,18.24,-0.637391928,-0.963383123,-0.297417192,4215,3589,5469,3793,6154,0,1.23E-06,6.37E-06
354,chr12-120291807-A-C,SNV,SNV,SNV,97,n.97T>G,UKBB/AllofUs,2,1,18.43,-0.191404412,-0.288379282,-0.080446001,4210,5724,5999,4836,5434,2,0.108545826,0.252889689
355,chr12-120291792-T-A,SNV,SNV,SNV,112,n.112A>T,UKBB/AllofUs,101,141,16.98,-0.091384736,-0.367285686,0.198499755,4209,5418,6400,6260,5724,0,0.324742609,0.559263002
356,chr12-120291753-A-G,SNV,SNV,SNV,151,,,,,0.001,-0.195073722,-0.463553085,0.087389182,4208,5067,6346,5747,6026,0,0.103311294,0.246392865
357,chr12-120291759-T-C,SNV,SNV,SNV,145,n.145A>G,UKBB/AllofUs,219,188,13.93,0.060031515,0.116923979,0.017122592,4205,7572,6155,5309,5306,0,0.766100916,0.884214976
358,chr12-120291884-T-A,SNV,SNV,SNV,20,n.20A>T,UKBB/AllofUs,,3,18.92,-0.090764548,-0.305857812,0.138312257,4204,5647,5384,5051,3517,0,0.326484283,0.560430027
359,chr12-120291817-G-C,SNV,SNV,SNV,87,n.87C>G,UKBB/AllofUs,11,7,19.42,-0.217593629,-0.284971431,-0.136232286,4203,5728,6496,5038,6396,0,0.075147891,0.199530607
360,chr12-120291813-T-A,SNV,SNV,SNV,91,n.91A>T,UKBB/AllofUs,2,1,18.94,-0.139765714,-0.214516437,-0.051031451,4199,6009,6911,5686,6384,0,0.202792442,0.406240536
361,chr12-120291845-A-T,SNV,SNV,SNV,59,n.59T>A,unobserved,,,18.64,-0.174208902,0.016255043,-0.350689306,4185,7028,6143,4106,5276,1,0.135615794,0.301365324
362,chr12-120291827-T-C,SNV,SNV,SNV,77,n.77A>G,UKBB/AllofUs,11,6,19.22,0.021523685,0.153995268,-0.096964356,4173,7710,6442,5134,4822,0,0.664885269,0.827136095
363,chr12-120291782-A-G,SNV,SNV,SNV,122,n.122T>C,UKBB/AllofUs,,2,18.3,-1.208213619,-1.038280876,-1.36416282,4170,3371,6329,2095,5433,0,2.55E-20,3.35E-19
364,chr12-120291762-G-A,SNV,SNV,SNV,142,n.142C>T,UKBB/AllofUs,13,13,19.8,-0.058725629,-0.035313617,-0.0681541,4146,6718,5755,4679,6260,0,0.420800933,0.653636032
365,chr12-120291801-T-A,SNV,SNV,SNV,103,n.103A>T,UKBB/AllofUs,,1,18.41,-0.388026286,-0.250599311,-0.51146972,4142,5781,5986,3579,5311,0,0.002826171,0.010959036
366,chr12-120291861-C-T,SNV,SNV,SNV,43,n.43G>A,UKBB/AllofUs,,9,20.6,-0.167596303,-0.297591049,-0.023618017,4140,5593,6063,5084,5648,0,0.147163984,0.322012078
367,chr12-120291862-G-A,SNV,SNV,SNV,42,n.42C>T,UKBB/AllofUs,91,114,20.5,0.126818937,0.100263433,0.167357981,4128,7348,6407,6133,5376,1,0.893762054,0.954840694
368,chr12-120291834-A-T,SNV,SNV,SNV,70,n.70T>A,unobserved,,,19.01,-0.136359333,-0.199442472,-0.059292652,4118,5955,6749,5521,5522,0,0.210372368,0.40935273
369,chr12-120291858-C-A,SNV,SNV,SNV,46,n.46G>T,UKBB/AllofUs,,2,19.86,-0.996369546,-0.858936117,-1.119819435,4115,3767,6847,2685,6188,0,2.95E-14,2.52E-13
370,chr12-120291844-T-A,SNV,SNV,SNV,60,n.60A>T,UKBB/AllofUs,1,,18.72,0.102099117,0.088204942,0.129976832,4106,7248,5665,5284,4584,0,0.854070848,0.937564536
371,chr12-120291820-G-A,SNV,SNV,SNV,84,n.84C>T,UKBB/AllofUs,25,22,20.4,-0.102801919,-0.138433449,-0.053186848,4086,6164,5894,4842,6375,0,0.293395017,0.524930215
372,chr12-120291847-C-A,SNV,SNV,SNV,57,n.57G>T,unobserved,,,19.97,0.10935203,0.092811713,0.139875888,4085,7234,5918,5558,5034,0,0.866630233,0.940090113
373,chr12-120291854-C-G,SNV,SNV,SNV,50,n.50G>C,UKBB/AllofUs,10,4,20.2,-0.167373646,-0.110710407,-0.210053344,4083,6279,5362,3951,5226,0,0.147563976,0.322012078
374,chr12-120291756-A-T,SNV,SNV,SNV,148,,,,,0.001,-0.194351602,-0.283325919,-0.091393743,4078,5564,5531,4425,5891,0,0.104326692,0.246631961
375,chr12-120291831-A-T,SNV,SNV,SNV,73,n.73T>A,UKBB/AllofUs,,7,19.17,-0.01721692,0.033667645,-0.054117944,4073,6923,5938,4875,5057,0,0.549257283,0.755849513
376,chr12-120291762-G-T,SNV,SNV,SNV,142,n.142C>A,UKBB/AllofUs,1,,19.55,-0.298670095,-0.585258512,0.001901863,4058,4491,5481,4678,5687,0,0.019197415,0.06507803
377,chr12-120291774-A-C,SNV,SNV,SNV,130,n.130T>G,UKBB/AllofUs,2,8,17.9,-0.098485315,-0.185787391,0.002800302,4047,5908,6193,5289,5543,0,0.305082348,0.537383614
378,chr12-120291817-G-T,SNV,SNV,SNV,87,n.87C>A,UKBB/AllofUs,6,5,19.28,-0.315788571,-0.464066647,-0.153526953,4045,4869,5520,4230,6317,0,0.013759296,0.048472291
379,chr12-120291898-A-C,SNV,SNV,SNV,6,n.6T>G,UKBB/AllofUs,,1,18.19,-0.195270791,-0.235956384,-0.140601656,4042,5699,6517,5039,4745,0,0.10303544,0.246392865
380,chr12-120291774-A-T,SNV,SNV,SNV,130,n.130T>A,UKBB/AllofUs,1,1,17.86,-0.28378393,-0.226516398,-0.327067921,4041,5735,5509,3743,5691,0,0.02531799,0.082705433
381,chr12-120291785-T-A,SNV,SNV,SNV,119,n.119A>T,UKBB/AllofUs,3,2,18.22,-0.569266694,-0.573248581,-0.551301265,4036,4504,5741,3339,6025,0,1.46E-05,6.87E-05
382,chr12-120291782-A-C,SNV,SNV,SNV,122,n.122T>G,unobserved,,,18.17,-0.697688953,-0.679050283,-0.702344081,4024,4173,6663,3490,5285,0,1.10E-07,5.99E-07
383,chr12-120291897-C-G,SNV,SNV,SNV,7,n.7G>C,UKBB/AllofUs,8,5,19.22,-0.973370921,-1.033707649,-0.899050651,4015,3256,5254,2401,4587,0,1.14E-13,9.47E-13
384,chr12-120291820-G-T,SNV,SNV,SNV,84,n.84C>A,UKBB/AllofUs,1,12,19.57,0.030196364,-0.096019494,0.170395763,4003,6219,6258,6003,6441,0,0.689153088,0.840392567
385,chr12-120291846-G-A,SNV,SNV,SNV,58,n.58C>T,UKBB/AllofUs,119,100,20.2,-0.092379234,-0.009233595,-0.161541331,4002,6603,5329,4061,4578,1,0.321957755,0.559263002
386,chr12-120291840-C-T,SNV,SNV,SNV,64,n.64G>A,unobserved,,,20.9,-1.460399807,-1.54183088,-1.364985192,3992,2276,6248,2067,6349,0,4.57E-29,1.30E-27
387,chr12-120291872-C-A,SNV,SNV,SNV,32,n.32G>T,unobserved,,,20.4,-1.187865756,-1.221697266,-1.140050704,3991,2841,5713,2209,5380,1,1.09E-19,1.34E-18
388,chr12-120291794-C-T,SNV,SNV,SNV,110,n.110G>A,UKBB/AllofUs,110,57,19.38,-0.020098062,0.15596478,-0.182177363,3990,7382,6259,4702,6515,0,0.540352479,0.752334918
389,chr12-120291829-G-A,SNV,SNV,SNV,75,n.75C>T,unobserved,,,19.94,-0.58912858,-0.944716863,-0.219556756,3973,3427,5351,3917,5320,0,7.28E-06,3.50E-05
390,chr12-120291788-C-A,SNV,SNV,SNV,116,n.116G>T,UKBB/AllofUs,,2,19.28,-0.318766334,-0.462893507,-0.16065562,3967,4779,5588,4261,6424,0,0.012963667,0.046582776
391,chr12-120291837-T-A,SNV,SNV,SNV,67,n.67A>T,unobserved,,,18.97,-1.661644382,-1.989432495,-1.319872728,3957,1654,5177,1767,5112,0,3.06E-37,1.65E-35
392,chr12-120291836-T-A,SNV,SNV,SNV,68,n.68A>T,unobserved,,,19.36,-0.732174372,-0.638748351,-0.811616852,3945,4207,5921,2875,4704,0,2.51E-08,1.47E-07
393,chr12-120291788-C-T,SNV,SNV,SNV,116,n.116G>A,UKBB/AllofUs,18,36,19.46,-0.163781745,-0.180366504,-0.133213446,3939,5772,5511,4283,5837,0,0.154117248,0.333611231
394,chr12-120291773-G-C,SNV,SNV,SNV,131,n.131C>G,UKBB/AllofUs,22,25,18.69,-0.204867537,-0.334889493,-0.060862039,3937,5183,4922,4022,6164,1,0.090242005,0.229436041
395,chr12-120291774-A-G,SNV,SNV,SNV,130,n.130T>C,UKBB/AllofUs,1,3,18,0.040501473,-0.134487304,0.229473791,3936,5954,6205,6201,5465,0,0.716947342,0.859670839
396,chr12-120291796-G-C,SNV,SNV,SNV,108,n.108C>G,UKBB/AllofUs,9,7,20.3,-0.065457435,-0.029333059,-0.08759827,3934,6401,6146,4930,5953,0,0.400392752,0.637099216
397,chr12-120291832-A-C,SNV,SNV,SNV,72,n.72T>G,UKBB/AllofUs,,1,19.1,0.088183759,0.262992301,-0.072641241,3930,7831,6280,5090,5676,0,0.827813526,0.925708487
398,chr12-120291862-G-T,SNV,SNV,SNV,42,n.42C>A,UKBB/AllofUs,2,1,20.2,-0.648040984,-0.86488893,-0.417209497,3928,3581,5670,3619,5401,0,8.15E-07,4.27E-06
399,chr12-120291846-G-C,SNV,SNV,SNV,58,n.58C>G,UKBB/AllofUs,6,9,19.58,-0.2157623,-0.296560078,-0.12098098,3924,5305,5120,4013,4317,0,0.07719296,0.202225638
400,chr12-120291757-A-G,SNV,SNV,SNV,147,,,,,0.186,-0.007771219,-0.229966049,0.228407152,3920,5550,5783,5775,5474,0,0.578254544,0.773397517
401,chr12-120291809-G-C,SNV,SNV,SNV,95,n.95C>G,UKBB/AllofUs,20,27,18.34,-0.00877966,0.072915538,-0.076491318,3919,6845,6491,5247,5713,0,0.575176046,0.77311693
402,chr12-120291770-A-C,SNV,SNV,SNV,134,n.134T>G,UKBB/AllofUs,3,10,16.31,-0.118337806,-0.019155488,-0.203536583,3910,6407,6324,4681,5573,0,0.253146196,0.470502757
403,chr12-120291840-C-A,SNV,SNV,SNV,64,n.64G>T,unobserved,,,20.7,-1.138399237,-1.219953143,-1.04286179,3902,2781,5348,2212,6534,0,3.42E-18,3.61E-17
404,chr12-120291870-C-G,SNV,SNV,SNV,34,n.34G>C,UKBB/AllofUs,1,,19.76,0.047047175,0.28294793,-0.174870038,3876,7831,6675,5040,5575,0,0.733959182,0.863417612
405,chr12-120291819-C-A,SNV,SNV,SNV,85,n.85G>T,unobserved,,,20.4,-0.221999421,-0.174890004,-0.255125296,3869,5691,5633,4023,6476,0,0.070397357,0.190674248
406,chr12-120291812-G-A,SNV,SNV,SNV,92,n.92C>T,UKBB/AllofUs,92,162,20.5,0.166068041,-0.050145063,0.396264686,3849,6173,5884,6601,6543,0,0.9397644,0.977780795
407,chr12-120291831-A-G,SNV,SNV,SNV,73,n.73T>C,UKBB/AllofUs,,3,19.3,0.146597263,0.019605581,0.287572486,3839,6462,5689,5919,4765,0,0.919391687,0.970097935
408,chr12-120291763-T-C,SNV,SNV,SNV,141,n.141A>G,UKBB/AllofUs,935,1625,17.45,-0.022367417,0.146047672,-0.176798965,3839,7054,5692,4292,5681,1,0.53332403,0.750552617
409,chr12-120291761-A-G,SNV,SNV,SNV,143,n.143T>C,UKBB/AllofUs,2,3,18.4,0.029521941,-0.163567266,0.236594689,3832,5681,5580,5604,5664,0,0.687293402,0.840025269
410,chr12-120291857-G-C,SNV,SNV,SNV,47,n.47C>G,UKBB/AllofUs,6,1,20.7,-0.144726449,0.032047064,-0.30751642,3829,6501,7768,5350,5890,0,0.192050324,0.390623111
411,chr12-120291760-C-A,SNV,SNV,SNV,144,n.144G>T,UKBB/AllofUs,,3,18.74,-0.054412031,-0.057337678,-0.037502842,3825,6104,5575,4630,7004,0,0.433994591,0.665420462
412,chr12-120291872-C-T,SNV,SNV,SNV,32,n.32G>A,UKBB/AllofUs,2,2,20.3,-1.222810463,-1.151318842,-1.280318543,3821,2856,6627,2325,4800,0,8.81E-21,1.22E-19
413,chr12-120291764-C-T,SNV,SNV,SNV,140,n.140G>A,UKBB/AllofUs,37,50,18.38,-0.394559355,-0.331835898,-0.443299272,3818,5037,5011,3141,6052,0,0.002414444,0.009430327
414,chr12-120291897-C-A,SNV,SNV,SNV,7,n.7G>T,UKBB/AllofUs,,1,19.28,-1.475225291,-1.656961492,-1.27950555,3809,2005,5823,2044,3701,0,1.24E-29,3.72E-28
415,chr12-120291780-A-T,SNV,SNV,SNV,124,n.124T>A,unobserved,,,18.52,-1.272547064,-1.222314459,-1.308796128,3803,2706,5460,1878,5223,0,2.15E-22,3.22E-21
416,chr12-120291772-A-G,SNV,SNV,SNV,132,n.132T>C,UKBB/AllofUs,8,15,17.96,-0.136488934,-0.122577139,-0.136417189,3802,5799,6845,5308,5786,0,0.210080967,0.40935273
417,chr12-120291826-T-A,SNV,SNV,SNV,78,n.78A>T,unobserved,,,19.01,-0.287549226,-0.33066658,-0.230448331,3799,5016,5587,4059,5226,0,0.023633008,0.078148412
418,chr12-120291757-A-C,SNV,SNV,SNV,147,,,,,0.161,0.038156728,-0.024916353,0.115213349,3789,6184,6710,6195,4626,0,0.710728969,0.857008757
419,chr12-120291828-G-T,SNV,SNV,SNV,76,n.76C>A,unobserved,,,17.87,-0.036090972,-0.163766304,0.105567901,3788,5615,5283,4845,6016,0,0.490677646,0.714797976
420,chr12-120291759-T-G,SNV,SNV,SNV,145,n.145A>C,UKBB/AllofUs,11,2,13.78,0.183214503,-0.00577341,0.386185957,3785,6260,5375,5988,5366,1,0.954148719,0.983338738
421,chr12-120291823-G-T,SNV,SNV,SNV,81,n.81C>A,UKBB/AllofUs,2,3,19.48,-0.064415972,-0.223357145,0.108508742,3772,5365,6232,5727,6438,0,0.403533822,0.637099216
422,chr12-120291779-C-T,SNV,SNV,SNV,125,n.125G>A,UKBB/AllofUs,6,13,19.63,-0.278976683,-0.112626754,-0.431343072,3770,5790,5623,3554,6585,0,0.027614432,0.08912682
423,chr12-120291796-G-T,SNV,SNV,SNV,108,n.108C>A,UKBB/AllofUs,12,10,20.5,-0.137864543,-0.352097644,0.090352099,3769,4903,5382,4884,5700,0,0.207002642,0.409155557
424,chr12-120291865-T-G,SNV,SNV,SNV,39,n.39A>C,UKBB/AllofUs,,3,18.75,0.159821093,0.14746376,0.186161967,3764,6923,5926,5747,4961,1,0.93372134,0.977780795
425,chr12-120291817-G-A,SNV,SNV,SNV,87,n.87C>T,UKBB/AllofUs,148,133,19.74,0.274436382,0.128792907,0.434063399,3753,6814,4517,5202,6236,0,0.991751081,0.999151921
426,chr12-120291770-A-T,SNV,SNV,SNV,134,n.134T>A,UKBB/AllofUs,,5,16.26,-0.157998448,-0.301667447,-0.000345908,3736,5033,5337,4548,5374,0,0.165067228,0.353060459
427,chr12-120291886-C-G,SNV,SNV,SNV,18,n.18G>C,UKBB/AllofUs,5,9,18.44,-0.108220477,-0.137281522,-0.065175891,3731,5633,5818,4740,4533,0,0.279025026,0.509811826
428,chr12-120291848-A-T,SNV,SNV,SNV,56,n.56T>A,unobserved,,,19.05,-0.310380992,-0.40979603,-0.196982412,3730,4662,5709,4245,4465,1,0.015312147,0.053190093
429,chr12-120291814-C-G,SNV,SNV,SNV,90,n.90G>C,UKBB/AllofUs,2,,19.54,0.069417376,0.153159881,-0.000341589,3721,6871,5946,5067,6936,0,0.78792575,0.897005841
430,chr12-120291788-C-G,SNV,SNV,SNV,116,n.116G>C,unobserved,,,18.94,-0.137633104,-0.184371662,-0.076911005,3720,5436,4763,3849,5991,0,0.207518678,0.409155557
431,chr12-120291793-G-A,SNV,SNV,SNV,111,n.111C>T,UKBB/AllofUs,67,47,19.89,0.092922396,0.010119859,0.189708474,3719,6219,5392,5242,5931,2,0.837074645,0.927967153
432,chr12-120291781-A-C,SNV,SNV,SNV,123,n.123T>G,UKBB/AllofUs,,1,18.27,-0.358130726,-0.213464949,-0.488812963,3712,5316,6785,4121,4648,0,0.00563506,0.021092341
433,chr12-120291784-A-T,SNV,SNV,SNV,120,n.120T>A,UKBB/AllofUs,5,6,17.94,-0.975928697,-0.921683045,-1.016190807,3691,3235,5409,2279,5435,0,9.84E-14,8.29E-13
434,chr12-120291787-G-C,SNV,SNV,SNV,117,n.117C>G,unobserved,,,19.04,0.007473783,-0.105923816,0.134854923,3689,5692,5523,5169,5519,0,0.624109007,0.802851443
435,chr12-120291830-G-C,SNV,SNV,SNV,74,n.74C>G,UKBB/AllofUs,,1,19.61,0.187456578,0.196523607,0.192373091,3687,7016,5188,5053,4907,2,0.957243625,0.984645638
436,chr12-120291822-G-T,SNV,SNV,SNV,82,n.82C>A,UKBB/AllofUs,,2,19.44,0.037314075,0.063064728,0.025546964,3687,6396,5914,5131,6607,0,0.708478638,0.85621073
437,chr12-120291878-C-G,SNV,SNV,SNV,26,n.26G>C,UKBB/AllofUs,2,14,19.46,-0.200180431,-0.266977122,-0.119400199,3682,5081,5930,4653,4763,0,0.096334775,0.239283152
438,chr12-120291813-T-C,SNV,SNV,SNV,91,n.91A>G,UKBB/AllofUs,45,8,18.95,-0.009253373,-0.039577079,0.035053875,3681,5947,5795,5061,4613,0,0.573728335,0.77311693
439,chr12-120291783-A-G,SNV,SNV,SNV,121,n.121T>C,UKBB/AllofUs,,7,18.39,-0.832873251,-0.861412144,-0.790350818,3680,3363,5530,2725,5318,1,2.25E-10,1.46E-09
440,chr12-120291769-T-A,SNV,SNV,SNV,135,n.135A>T,UKBB/AllofUs,,1,16.34,-0.249538924,-0.308440151,-0.176654157,3679,4933,5348,4033,5351,0,0.045748374,0.140104396
441,chr12-120291766-C-A,SNV,SNV,SNV,138,n.138G>T,UKBB/AllofUs,2,5,19.27,0.073645075,-0.065476555,0.226750247,3679,5838,5534,5520,7192,0,0.79735388,0.900993169
442,chr12-120291781-A-G,SNV,SNV,SNV,123,n.123T>C,UKBB/AllofUs,3,26,18.49,-0.288484114,-0.269028522,-0.293956165,3672,5060,5197,3613,4565,0,0.023229576,0.077288526
443,chr12-120291794-C-A,SNV,SNV,SNV,110,n.110G>T,UKBB/AllofUs,4,9,19.1,-0.208800698,-0.146660604,-0.25695725,3670,5505,5671,4045,6054,0,0.085354089,0.221181989
444,chr12-120291877-G-T,SNV,SNV,SNV,27,n.27C>A,UKBB/AllofUs,1,,19.7,-0.602662943,-0.545508701,-0.645833643,3662,4166,5849,3186,4790,0,4.48E-06,2.20E-05
445,chr12-120291781-A-T,SNV,SNV,SNV,123,n.123T>A,unobserved,,,18.23,-0.825855759,-0.622271238,-1.015456739,3661,3949,5928,2499,6076,0,3.19E-10,2.04E-09
446,chr12-120291777-G-T,SNV,SNV,SNV,127,n.127C>A,UKBB/AllofUs,22,87,17.62,-0.064970447,-0.294947704,0.178990351,3661,4955,5169,4988,5699,0,0.401860729,0.637099216
447,chr12-120291766-C-T,SNV,SNV,SNV,138,n.138G>A,UKBB/AllofUs,28,37,18.42,0.118541225,0.060980503,0.190085488,3660,6340,5732,5574,6419,0,0.881446261,0.946413416
448,chr12-120291806-C-T,SNV,SNV,SNV,98,n.98G>A,UKBB/AllofUs,8,24,20.1,-0.140470486,-0.187916305,-0.079041126,3653,5325,5091,4108,5046,0,0.201244794,0.406240536
449,chr12-120291798-C-T,SNV,SNV,SNV,106,n.106G>A,UKBB/AllofUs,27,32,19.27,-0.139482624,-0.155506867,-0.109474841,3653,5446,5478,4328,5582,0,0.203416092,0.406240536
450,chr12-120291847-C-T,SNV,SNV,SNV,57,n.57G>A,UKBB/AllofUs,10,14,20.4,0.105606597,0.209169232,0.016027502,3647,7001,5503,4743,5024,0,0.86024049,0.938602478
451,chr12-120291777-G-A,SNV,SNV,SNV,127,n.127C>T,UKBB/AllofUs,111,104,18.73,-0.22563195,-0.432772679,-0.00450768,3646,4485,5323,4523,5854,0,0.066657131,0.185031172
452,chr12-120291797-A-T,SNV,SNV,SNV,107,n.107T>A,UKBB/AllofUs,1,1,18.41,0.047949105,0.139447443,-0.029565691,3645,6667,5924,4947,5953,0,0.73626199,0.863417612
453,chr12-120291759-T-A,SNV,SNV,SNV,145,n.145A>T,UKBB/AllofUs,3,1,13.64,-0.20126804,-0.28752422,-0.101028319,3640,4952,5139,4084,5355,0,0.09489474,0.236797522
454,chr12-120291902-C-G,SNV,SNV,SNV,2,n.2G>C,UKBB/AllofUs,10,7,18.65,0.232235966,0.219311184,0.259144288,3638,7033,6609,6742,4979,0,0.980712351,0.998078856
455,chr12-120291777-G-C,SNV,SNV,SNV,127,n.127C>G,UKBB/AllofUs,4,3,17.8,-0.003728876,0.021685943,-0.015160154,3627,6114,5679,4790,5524,1,0.590544955,0.779304852
456,chr12-120291840-C-G,SNV,SNV,SNV,64,n.64G>C,UKBB/AllofUs,,1,20.3,-0.926961782,-0.788792971,-1.051147053,3620,3479,5143,2115,6063,0,1.59E-12,1.23E-11
457,chr12-120291832-A-T,SNV,SNV,SNV,72,n.72T>A,UKBB/AllofUs,,4,19.11,0.116397517,0.107407664,0.13937091,3605,6449,5461,5127,4735,0,0.878098502,0.946413416
458,chr12-120291779-C-A,SNV,SNV,SNV,125,n.125G>T,UKBB/AllofUs,,1,19.16,-0.166870506,-0.048807417,-0.270950054,3590,5763,5136,3628,6168,0,0.148470519,0.32268391
459,chr12-120291790-A-T,SNV,SNV,SNV,114,n.114T>A,unobserved,,,18.7,-0.123825879,-0.168196161,-0.065472057,3577,5286,5775,4704,5549,0,0.239655681,0.450910701
460,chr12-120291768-G-T,SNV,SNV,SNV,136,n.136C>A,UKBB/AllofUs,5,3,18.96,-0.203480143,-0.194447652,-0.198529094,3560,5166,5563,4132,6082,0,0.092014878,0.23281661
461,chr12-120291804-T-A,SNV,SNV,SNV,100,n.100A>T,UKBB/AllofUs,,4,18.56,0.022459734,0.019844855,0.039058155,3555,5985,5707,4998,5778,0,0.667540262,0.827136095
462,chr12-120291807-A-G,SNV,SNV,SNV,97,n.97T>C,unobserved,,,18.59,-0.101860342,-0.113486763,-0.076250379,3524,5409,5425,4386,4813,0,0.295926624,0.526417328
463,chr12-120291814-C-A,SNV,SNV,SNV,90,n.90G>T,UKBB/AllofUs,3,,19.77,0.110574488,-0.03300952,0.268142037,3517,5708,5055,5189,6754,0,0.868671562,0.940188698
464,chr12-120291780-A-G,SNV,SNV,SNV,124,n.124T>C,UKBB/AllofUs,6,2,18.51,-1.147086116,-0.996172479,-1.284016212,3507,2919,5387,1885,4991,1,1.89E-18,2.03E-17
465,chr12-120291810-T-A,SNV,SNV,SNV,94,n.94A>T,UKBB/AllofUs,1,1,18.65,-0.194630668,-0.276122507,-0.099155288,3491,4787,5733,4562,5588,0,0.103933434,0.246631961
466,chr12-120291772-A-T,SNV,SNV,SNV,132,n.132T>A,UKBB/AllofUs,2,,17.6,-0.050023981,-0.145013367,0.058948946,3486,5235,4952,4397,5125,0,0.447491758,0.673737591
467,chr12-120291787-G-A,SNV,SNV,SNV,117,n.117C>T,UKBB/AllofUs,17,9,19.88,0.052750924,-0.025998041,0.145483431,3484,5682,5527,5211,5389,0,0.748348517,0.871187582
468,chr12-120291789-C-A,SNV,SNV,SNV,115,n.115G>T,UKBB/AllofUs,5,6,19.32,-0.535042562,-0.514016582,-0.542085002,3484,4051,4782,2799,6008,0,4.55E-05,0.000207732
469,chr12-120291800-A-T,SNV,SNV,SNV,104,n.104T>A,unobserved,,,14.6,-0.020333184,-0.04402217,0.017339343,3480,5605,6474,5585,5067,0,0.539624828,0.752334918
470,chr12-120291854-C-T,SNV,SNV,SNV,50,n.50G>A,UKBB/AllofUs,4,2,20.8,-0.352461208,-0.630131385,-0.060807489,3475,3728,5738,4689,4345,1,0.006387038,0.023579543
471,chr12-120291784-A-C,SNV,SNV,SNV,120,n.120T>G,UKBB/AllofUs,5,6,18.1,-0.88067599,-0.676122289,-1.07124615,3475,3611,6004,2435,5398,1,1.94E-11,1.38E-10
472,chr12-120291766-C-G,SNV,SNV,SNV,138,n.138G>C,unobserved,,,18.77,-0.046329389,0.094680979,-0.173356216,3470,6153,6328,4783,5534,0,0.45890393,0.682974655
473,chr12-120291769-T-G,SNV,SNV,SNV,135,n.135A>C,UKBB/AllofUs,1,1,16.4,-0.103471781,-0.072584502,-0.120375519,3466,5473,5239,4108,4896,0,0.291600099,0.523908178
474,chr12-120291814-C-T,SNV,SNV,SNV,90,n.90G>A,UKBB/AllofUs,71,64,20.2,0.104097677,0.163648733,0.058530163,3451,6419,5555,4931,5747,0,0.857608384,0.938602478
475,chr12-120291787-G-T,SNV,SNV,SNV,117,n.117C>A,unobserved,,,19,0.069819138,-0.078272071,0.231893888,3439,5409,4838,4843,5392,0,0.788832595,0.897005841
476,chr12-120291831-A-C,SNV,SNV,SNV,73,n.73T>G,unobserved,,,19.05,-0.006506509,0.155999156,-0.155028633,3438,6361,5787,4430,5681,0,0.582108589,0.77470748
477,chr12-120291848-A-C,SNV,SNV,SNV,56,n.56T>G,UKBB/AllofUs,1,1,18.82,-0.155646268,-0.180363669,-0.116945326,3436,5035,5710,4488,4385,0,0.169661469,0.359123825
478,chr12-120291798-C-G,SNV,SNV,SNV,106,n.106G>C,UKBB/AllofUs,4,12,19.04,0.015011941,0.081941898,-0.037934475,3416,6004,4577,3800,5445,0,0.646193243,0.815686553
479,chr12-120291789-C-G,SNV,SNV,SNV,115,n.115G>C,UKBB/AllofUs,1,,19.13,-0.053096907,-0.120841298,0.028631026,3413,5212,5186,4509,6441,0,0.438032437,0.665420462
480,chr12-120291775-C-T,SNV,SNV,SNV,129,n.129G>A,UKBB/AllofUs,5,3,18.89,-0.470334897,-0.420031004,-0.506655249,3402,4222,5136,3081,6006,1,0.000325972,0.001405591
481,chr12-120291855-G-A,SNV,SNV,SNV,49,n.49C>T,UKBB/AllofUs,20,46,20.8,0.077093089,0.024180508,0.143989211,3401,5743,5417,5102,4784,0,0.80485452,0.90567137
482,chr12-120291829-G-T,SNV,SNV,SNV,75,n.75C>A,unobserved,,,19.46,-0.949139326,-0.90642776,-0.977867351,3388,3001,4269,1847,4999,0,4.60E-13,3.70E-12
483,chr12-120291758-T-A,SNV,SNV,SNV,146,,,,,0.029,-0.045987282,-0.102708507,0.024717485,3382,5230,5079,4404,5394,0,0.459962523,0.682974655
484,chr12-120291760-C-T,SNV,SNV,SNV,144,n.144G>A,UKBB/AllofUs,6,5,19.04,-0.005012508,-0.213169895,0.217128419,3381,4843,5021,4975,5785,1,0.586651202,0.776916456
485,chr12-120291803-T-A,SNV,SNV,SNV,101,n.101A>T,UKBB/AllofUs,1,3,18.24,-0.038536993,0.000832942,-0.063923386,3362,5586,4762,3883,4634,1,0.483073718,0.705628005
486,chr12-120291773-G-T,SNV,SNV,SNV,131,n.131C>A,UKBB/AllofUs,3,7,18.26,-0.755708565,-0.626945324,-0.870488265,3352,3604,4559,2125,6223,0,8.80E-09,5.45E-08
487,chr12-120291872-C-G,SNV,SNV,SNV,32,n.32G>C,UKBB/AllofUs,4,6,19.79,-1.328051003,-1.413531484,-1.228586982,3349,2087,4909,1785,5645,0,2.87E-24,5.15E-23
488,chr12-120291754-A-T,SNV,SNV,SNV,150,,,,,0.003,-0.032806386,0.062985953,-0.114615185,3343,5799,4691,3693,4676,0,0.500893252,0.716131202
489,chr12-120291780-A-C,SNV,SNV,SNV,124,n.124T>G,UKBB/AllofUs,2,2,18.28,-0.713695224,-0.574531657,-0.838875251,3340,3724,5715,2723,5165,0,5.59E-08,3.17E-07
490,chr12-120291771-G-T,SNV,SNV,SNV,133,n.133C>A,UKBB/AllofUs,3,,18.74,-0.230658325,-0.409737312,-0.037595797,3329,4161,4423,3673,5966,0,0.061737687,0.175140071
491,chr12-120291795-C-A,SNV,SNV,SNV,109,n.109G>T,UKBB/AllofUs,5,1,19.62,0.174053076,0.250321967,0.111767725,3312,6542,4990,4596,6566,0,0.94685067,0.977780795
492,chr12-120291811-C-G,SNV,SNV,SNV,93,n.93G>C,UKBB/AllofUs,5,6,20.3,0.072444113,0.059184081,0.099687685,3305,5718,4940,4512,5971,0,0.794701433,0.900681452
493,chr12-120291818-G-T,SNV,SNV,SNV,86,n.86C>A,unobserved,,,19.66,-0.205602995,-0.258913386,-0.138309062,3286,4560,4269,3306,5936,0,0.089312555,0.228149134
494,chr12-120291794-C-G,SNV,SNV,SNV,110,n.110G>C,UKBB/AllofUs,13,10,19.2,-0.073167098,-0.183934345,0.05158369,3255,4758,5266,4652,5725,0,0.377352925,0.613302747
495,chr12-120291806-C-A,SNV,SNV,SNV,98,n.98G>T,UKBB/AllofUs,,2,19.86,-0.268811719,-0.088153002,-0.435486895,3236,5055,4976,3136,5484,0,0.033044582,0.10539071
496,chr12-120291770-A-G,SNV,SNV,SNV,134,n.134T>C,UKBB/AllofUs,1030,1151,16.64,0.027714998,0.098722905,-0.029309369,3219,5724,5553,4638,4670,0,0.682287402,0.835802067
497,chr12-120291791-A-T,SNV,SNV,SNV,113,n.113T>A,unobserved,,,15.34,-0.02165461,0.043552831,-0.072878509,3192,5463,4477,3628,4550,0,0.535532899,0.751310705
498,chr12-120291809-G-T,SNV,SNV,SNV,95,n.95C>A,UKBB/AllofUs,40,52,18.13,-0.219878274,-0.438415215,0.012642207,3191,3910,3939,3387,4994,0,0.072654833,0.194830623
499,chr12-120291786-T-A,SNV,SNV,SNV,118,n.118A>T,UKBB/AllofUs,1,4,18.21,-0.015350119,-0.177143754,0.160427057,3190,4685,4371,4164,5416,0,0.555014119,0.759270585
500,chr12-120291835-G-C,SNV,SNV,SNV,69,n.69C>G,unobserved,,,19.74,-1.383666794,-1.395931855,-1.357418192,3180,2006,5049,1679,4824,0,3.14E-26,6.27E-25
501,chr12-120291782-A-T,SNV,SNV,SNV,122,n.122T>A,unobserved,,,18.07,-1.367906621,-1.444058261,-1.277771439,3165,1931,4499,1581,4852,1,1.15E-25,2.21E-24
502,chr12-120291830-G-T,SNV,SNV,SNV,74,n.74C>A,unobserved,,,19.75,0.216239774,0.251499669,0.19496342,3156,6239,4326,4221,5124,0,0.974050566,0.996230085
503,chr12-120291753-A-T,SNV,SNV,SNV,151,,,,,0.001,-0.148415512,-0.178805311,-0.104042172,3148,4618,4629,3671,4268,1,0.184292236,0.379135554
504,chr12-120291795-C-T,SNV,SNV,SNV,109,n.109G>A,UKBB/AllofUs,39,47,20.4,0.127413402,0.149153448,0.119656897,3135,5773,4871,4511,5766,1,0.894609555,0.954840694
505,chr12-120291800-A-G,SNV,SNV,SNV,104,n.104T>C,UKBB/AllofUs,29,65,15.41,-0.008096984,0.072240193,-0.074450619,3132,5468,5396,4368,4517,0,0.577260585,0.773397517
506,chr12-120291773-G-A,SNV,SNV,SNV,131,n.131C>T,UKBB/AllofUs,117,202,18.73,-0.210705784,-0.19774936,-0.209678666,3124,4523,4415,3254,5498,0,0.083059081,0.216274611
507,chr12-120291775-C-G,SNV,SNV,SNV,129,n.129G>C,UKBB/AllofUs,,10,18.71,-0.48794842,-0.471233888,-0.490679411,3120,3737,4275,2593,5407,0,0.000195299,0.000869967
508,chr12-120291818-G-C,SNV,SNV,SNV,86,n.86C>G,UKBB/AllofUs,1,1,19.47,-0.173667107,0.04097314,-0.374323814,3114,5320,4923,3237,5872,1,0.13653795,0.30161457
509,chr12-120291760-C-G,SNV,SNV,SNV,144,n.144G>C,UKBB/AllofUs,,5,18.84,-0.131067491,-0.223468303,-0.024683138,3112,4426,4380,3670,5972,0,0.222472031,0.428258661
510,chr12-120291761-A-T,SNV,SNV,SNV,143,n.143T>A,UKBB/AllofUs,8,,18.06,-0.138424843,-0.146065934,-0.116800211,3110,4667,4375,3439,5022,0,0.205756498,0.409155557
511,chr12-120291779-C-G,SNV,SNV,SNV,125,n.125G>C,UKBB/AllofUs,1,,18.99,-0.457796484,-0.322344602,-0.579264826,3067,4073,4679,2669,5512,0,0.000464365,0.001940253
512,chr12-120291796-G-A,SNV,SNV,SNV,108,n.108C>T,UKBB/AllofUs,236,148,20.7,-0.052619942,0.051804888,-0.143061232,3057,5262,4822,3722,5206,0,0.439498487,0.665420462
513,chr12-120291755-A-T,SNV,SNV,SNV,149,,,,,0.028,0.349317166,0.189954696,0.522663178,3056,5789,4902,6003,5573,0,0.998565955,0.999151921
514,chr12-120291793-G-T,SNV,SNV,SNV,111,n.111C>A,UKBB/AllofUs,1,2,18.89,0.048166918,0.087479382,0.022837995,3056,5392,4081,3534,5355,0,0.736816581,0.863417612
515,chr12-120291847-C-G,SNV,SNV,SNV,57,n.57G>C,unobserved,,,19.77,-0.102533107,-0.003714169,-0.187368505,3055,5060,5631,4215,5031,0,0.294116744,0.524930215
516,chr12-120291778-T-A,SNV,SNV,SNV,126,n.126A>T,UKBB/AllofUs,5,2,18.46,0.170754514,0.302806624,0.052685945,3054,6256,4106,3630,4683,0,0.944007921,0.977780795
517,chr12-120291767-C-G,SNV,SNV,SNV,137,n.137G>C,UKBB/AllofUs,1,1,18.97,0.051719827,0.182322004,-0.064898809,3034,5717,4710,3838,4983,0,0.745778065,0.87007441
518,chr12-120291768-G-A,SNV,SNV,SNV,136,n.136C>T,UKBB/AllofUs,42,72,19.17,-0.124989133,-0.366093781,0.130099057,3000,3865,3215,2999,5628,0,0.236847476,0.447932595
519,chr12-120291764-C-A,SNV,SNV,SNV,140,n.140G>T,UKBB/AllofUs,3,1,18.32,-0.566833186,-0.600963889,-0.518718941,2977,3259,4448,2646,6257,0,1.58E-05,7.35E-05
520,chr12-120291835-G-T,SNV,SNV,SNV,69,n.69C>A,unobserved,,,20.3,-1.807180957,-1.493332363,-2.10704601,2963,1747,4391,868,4704,0,8.17E-44,8.81E-42
521,chr12-120291771-G-A,SNV,SNV,SNV,133,n.133C>T,UKBB/AllofUs,115,50,19.19,-0.018136156,0.034504106,-0.056792877,2941,5002,4021,3295,5518,0,0.546418657,0.755849513
522,chr12-120291859-C-G,SNV,SNV,SNV,45,n.45G>C,UKBB/AllofUs,,8,19.58,-0.719418662,-0.475186618,-0.949667164,2936,3507,5564,2455,5803,0,4.37E-08,2.53E-07
523,chr12-120291838-T-A,SNV,SNV,SNV,66,n.66A>T,unobserved,,,19.68,-0.750942754,-0.711962935,-0.775939032,2934,2974,4330,2155,4315,0,1.09E-08,6.69E-08
524,chr12-120291901-G-C,SNV,SNV,SNV,3,n.3C>G,UKBB/AllofUs,10,32,18.77,-0.422499136,-0.32658749,-0.504427242,2928,3877,4727,2840,2827,0,0.00119842,0.00482051
525,chr12-120291778-T-C,SNV,SNV,SNV,126,n.126A>G,UKBB/AllofUs,19,19,18.36,0.13866181,-0.073844183,0.365151344,2889,4558,4524,4967,3949,0,0.909734405,0.963353329
526,chr12-120291758-T-G,SNV,SNV,SNV,146,,,,,0.03,-0.032829032,-0.079832267,0.028157744,2831,4448,4005,3481,4599,0,0.500822816,0.716131202
527,chr12-120291795-C-G,SNV,SNV,SNV,109,n.109G>C,unobserved,,,19.4,-0.021293823,-0.143980217,0.115376113,2826,4247,5349,4939,6037,0,0.536650504,0.751310705
528,chr12-120291757-A-T,SNV,SNV,SNV,147,,,,,0.146,-0.075604169,-0.397266646,0.260041849,2826,3563,3227,3294,3694,1,0.370155527,0.609903962
529,chr12-120291857-G-T,SNV,SNV,SNV,47,n.47C>A,UKBB/AllofUs,1,1,20.2,0.313124581,0.677133981,-0.036901278,2818,7483,7171,5958,6205,0,0.99652626,0.999151921
530,chr12-120291864-A-C,SNV,SNV,SNV,40,n.40T>G,UKBB/AllofUs,15,7,18.85,-0.05578955,0.055438464,-0.153034023,2814,4856,5162,3957,4753,0,0.42977255,0.663746145
531,chr12-120291785-T-G,SNV,SNV,SNV,119,n.119A>C,unobserved,,,18.04,-0.686052539,-0.970730193,-0.387391344,2813,2383,5221,3402,4688,0,1.78E-07,9.42E-07
532,chr12-120291789-C-T,SNV,SNV,SNV,115,n.115G>A,UKBB/AllofUs,87,78,19.99,-0.246095458,-0.289574517,-0.188632857,2764,3755,4093,3061,4851,0,0.048386147,0.144248024
533,chr12-120291890-C-G,SNV,SNV,SNV,14,n.14G>C,UKBB/AllofUs,,4,19.4,-0.222786729,-0.155814302,-0.275775615,2701,4026,3598,2533,4113,0,0.069573308,0.190674248
534,chr12-120291768-G-C,SNV,SNV,SNV,136,n.136C>G,UKBB/AllofUs,13,11,19.61,-0.05370143,-0.062997153,-0.030422166,2644,4203,4177,3486,4737,0,0.436175532,0.665420462
535,chr12-120291846-G-T,SNV,SNV,SNV,58,n.58C>A,unobserved,,,19.59,-0.184509458,-0.401076225,0.046040849,2575,3238,3200,2816,3793,0,0.11889258,0.270392829
536,chr12-120291767-C-T,SNV,SNV,SNV,137,n.137G>A,UKBB/AllofUs,96,201,19.78,-0.032922615,-0.029313985,-0.022547704,2551,4151,4134,3469,4705,1,0.500531732,0.716131202
537,chr12-120291806-C-G,SNV,SNV,SNV,98,n.98G>C,UKBB/AllofUs,11,2,19.18,-0.122531375,-0.280937928,0.049858718,2296,3138,3561,3142,4677,0,0.24280198,0.454410649
538,chr12-120291898-A-G,SNV,SNV,SNV,6,n.6T>C,UKBB/AllofUs,1,2,18.63,-0.418349402,-0.322357059,-0.500358204,1591,2113,2397,1444,1248,0,0.001333523,0.005324213